[
{
    "model": "contenttypes.contenttype",
    "pk": 1,
    "fields": {
        "app_label": "admin",
        "model": "logentry"
    }
},
{
    "model": "contenttypes.contenttype",
    "pk": 2,
    "fields": {
        "app_label": "auth",
        "model": "permission"
    }
},
{
    "model": "contenttypes.contenttype",
    "pk": 3,
    "fields": {
        "app_label": "auth",
        "model": "group"
    }
},
{
    "model": "contenttypes.contenttype",
    "pk": 4,
    "fields": {
        "app_label": "auth",
        "model": "user"
    }
},
{
    "model": "contenttypes.contenttype",
    "pk": 5,
    "fields": {
        "app_label": "contenttypes",
        "model": "contenttype"
    }
},
{
    "model": "contenttypes.contenttype",
    "pk": 6,
    "fields": {
        "app_label": "sessions",
        "model": "session"
    }
},
{
    "model": "contenttypes.contenttype",
    "pk": 7,
    "fields": {
        "app_label": "sites",
        "model": "site"
    }
},
{
    "model": "contenttypes.contenttype",
    "pk": 8,
    "fields": {
        "app_label": "flatpages",
        "model": "flatpage"
    }
},
{
    "model": "contenttypes.contenttype",
    "pk": 9,
    "fields": {
        "app_label": "Leaderboards",
        "model": "game"
    }
},
{
    "model": "contenttypes.contenttype",
    "pk": 10,
    "fields": {
        "app_label": "Leaderboards",
        "model": "league"
    }
},
{
    "model": "contenttypes.contenttype",
    "pk": 11,
    "fields": {
        "app_label": "Leaderboards",
        "model": "location"
    }
},
{
    "model": "contenttypes.contenttype",
    "pk": 12,
    "fields": {
        "app_label": "Leaderboards",
        "model": "player"
    }
},
{
    "model": "contenttypes.contenttype",
    "pk": 13,
    "fields": {
        "app_label": "Leaderboards",
        "model": "tourney"
    }
},
{
    "model": "contenttypes.contenttype",
    "pk": 14,
    "fields": {
        "app_label": "Leaderboards",
        "model": "trueskillsettings"
    }
},
{
    "model": "contenttypes.contenttype",
    "pk": 15,
    "fields": {
        "app_label": "Leaderboards",
        "model": "tourneyrules"
    }
},
{
    "model": "contenttypes.contenttype",
    "pk": 16,
    "fields": {
        "app_label": "Leaderboards",
        "model": "team"
    }
},
{
    "model": "contenttypes.contenttype",
    "pk": 17,
    "fields": {
        "app_label": "Leaderboards",
        "model": "session"
    }
},
{
    "model": "contenttypes.contenttype",
    "pk": 18,
    "fields": {
        "app_label": "Leaderboards",
        "model": "rebuildlog"
    }
},
{
    "model": "contenttypes.contenttype",
    "pk": 19,
    "fields": {
        "app_label": "Leaderboards",
        "model": "rating"
    }
},
{
    "model": "contenttypes.contenttype",
    "pk": 20,
    "fields": {
        "app_label": "Leaderboards",
        "model": "rank"
    }
},
{
    "model": "contenttypes.contenttype",
    "pk": 21,
    "fields": {
        "app_label": "Leaderboards",
        "model": "performance"
    }
},
{
    "model": "contenttypes.contenttype",
    "pk": 22,
    "fields": {
        "app_label": "Leaderboards",
        "model": "event"
    }
},
{
    "model": "contenttypes.contenttype",
    "pk": 23,
    "fields": {
        "app_label": "Leaderboards",
        "model": "changelog"
    }
},
{
    "model": "contenttypes.contenttype",
    "pk": 24,
    "fields": {
        "app_label": "Leaderboards",
        "model": "backuprating"
    }
},
{
    "model": "sites.site",
    "pk": 1,
    "fields": {
        "domain": "example.com",
        "name": "example.com"
    }
},
{
    "model": "auth.permission",
    "pk": 1,
    "fields": {
        "name": "Can add log entry",
        "content_type": [
            "admin",
            "logentry"
        ],
        "codename": "add_logentry"
    }
},
{
    "model": "auth.permission",
    "pk": 2,
    "fields": {
        "name": "Can change log entry",
        "content_type": [
            "admin",
            "logentry"
        ],
        "codename": "change_logentry"
    }
},
{
    "model": "auth.permission",
    "pk": 3,
    "fields": {
        "name": "Can delete log entry",
        "content_type": [
            "admin",
            "logentry"
        ],
        "codename": "delete_logentry"
    }
},
{
    "model": "auth.permission",
    "pk": 4,
    "fields": {
        "name": "Can view log entry",
        "content_type": [
            "admin",
            "logentry"
        ],
        "codename": "view_logentry"
    }
},
{
    "model": "auth.permission",
    "pk": 5,
    "fields": {
        "name": "Can add permission",
        "content_type": [
            "auth",
            "permission"
        ],
        "codename": "add_permission"
    }
},
{
    "model": "auth.permission",
    "pk": 6,
    "fields": {
        "name": "Can change permission",
        "content_type": [
            "auth",
            "permission"
        ],
        "codename": "change_permission"
    }
},
{
    "model": "auth.permission",
    "pk": 7,
    "fields": {
        "name": "Can delete permission",
        "content_type": [
            "auth",
            "permission"
        ],
        "codename": "delete_permission"
    }
},
{
    "model": "auth.permission",
    "pk": 8,
    "fields": {
        "name": "Can view permission",
        "content_type": [
            "auth",
            "permission"
        ],
        "codename": "view_permission"
    }
},
{
    "model": "auth.permission",
    "pk": 9,
    "fields": {
        "name": "Can add group",
        "content_type": [
            "auth",
            "group"
        ],
        "codename": "add_group"
    }
},
{
    "model": "auth.permission",
    "pk": 10,
    "fields": {
        "name": "Can change group",
        "content_type": [
            "auth",
            "group"
        ],
        "codename": "change_group"
    }
},
{
    "model": "auth.permission",
    "pk": 11,
    "fields": {
        "name": "Can delete group",
        "content_type": [
            "auth",
            "group"
        ],
        "codename": "delete_group"
    }
},
{
    "model": "auth.permission",
    "pk": 12,
    "fields": {
        "name": "Can view group",
        "content_type": [
            "auth",
            "group"
        ],
        "codename": "view_group"
    }
},
{
    "model": "auth.permission",
    "pk": 13,
    "fields": {
        "name": "Can add user",
        "content_type": [
            "auth",
            "user"
        ],
        "codename": "add_user"
    }
},
{
    "model": "auth.permission",
    "pk": 14,
    "fields": {
        "name": "Can change user",
        "content_type": [
            "auth",
            "user"
        ],
        "codename": "change_user"
    }
},
{
    "model": "auth.permission",
    "pk": 15,
    "fields": {
        "name": "Can delete user",
        "content_type": [
            "auth",
            "user"
        ],
        "codename": "delete_user"
    }
},
{
    "model": "auth.permission",
    "pk": 16,
    "fields": {
        "name": "Can view user",
        "content_type": [
            "auth",
            "user"
        ],
        "codename": "view_user"
    }
},
{
    "model": "auth.permission",
    "pk": 17,
    "fields": {
        "name": "Can add content type",
        "content_type": [
            "contenttypes",
            "contenttype"
        ],
        "codename": "add_contenttype"
    }
},
{
    "model": "auth.permission",
    "pk": 18,
    "fields": {
        "name": "Can change content type",
        "content_type": [
            "contenttypes",
            "contenttype"
        ],
        "codename": "change_contenttype"
    }
},
{
    "model": "auth.permission",
    "pk": 19,
    "fields": {
        "name": "Can delete content type",
        "content_type": [
            "contenttypes",
            "contenttype"
        ],
        "codename": "delete_contenttype"
    }
},
{
    "model": "auth.permission",
    "pk": 20,
    "fields": {
        "name": "Can view content type",
        "content_type": [
            "contenttypes",
            "contenttype"
        ],
        "codename": "view_contenttype"
    }
},
{
    "model": "auth.permission",
    "pk": 21,
    "fields": {
        "name": "Can add session",
        "content_type": [
            "sessions",
            "session"
        ],
        "codename": "add_session"
    }
},
{
    "model": "auth.permission",
    "pk": 22,
    "fields": {
        "name": "Can change session",
        "content_type": [
            "sessions",
            "session"
        ],
        "codename": "change_session"
    }
},
{
    "model": "auth.permission",
    "pk": 23,
    "fields": {
        "name": "Can delete session",
        "content_type": [
            "sessions",
            "session"
        ],
        "codename": "delete_session"
    }
},
{
    "model": "auth.permission",
    "pk": 24,
    "fields": {
        "name": "Can view session",
        "content_type": [
            "sessions",
            "session"
        ],
        "codename": "view_session"
    }
},
{
    "model": "auth.permission",
    "pk": 25,
    "fields": {
        "name": "Can add site",
        "content_type": [
            "sites",
            "site"
        ],
        "codename": "add_site"
    }
},
{
    "model": "auth.permission",
    "pk": 26,
    "fields": {
        "name": "Can change site",
        "content_type": [
            "sites",
            "site"
        ],
        "codename": "change_site"
    }
},
{
    "model": "auth.permission",
    "pk": 27,
    "fields": {
        "name": "Can delete site",
        "content_type": [
            "sites",
            "site"
        ],
        "codename": "delete_site"
    }
},
{
    "model": "auth.permission",
    "pk": 28,
    "fields": {
        "name": "Can view site",
        "content_type": [
            "sites",
            "site"
        ],
        "codename": "view_site"
    }
},
{
    "model": "auth.permission",
    "pk": 29,
    "fields": {
        "name": "Can add flat page",
        "content_type": [
            "flatpages",
            "flatpage"
        ],
        "codename": "add_flatpage"
    }
},
{
    "model": "auth.permission",
    "pk": 30,
    "fields": {
        "name": "Can change flat page",
        "content_type": [
            "flatpages",
            "flatpage"
        ],
        "codename": "change_flatpage"
    }
},
{
    "model": "auth.permission",
    "pk": 31,
    "fields": {
        "name": "Can delete flat page",
        "content_type": [
            "flatpages",
            "flatpage"
        ],
        "codename": "delete_flatpage"
    }
},
{
    "model": "auth.permission",
    "pk": 32,
    "fields": {
        "name": "Can view flat page",
        "content_type": [
            "flatpages",
            "flatpage"
        ],
        "codename": "view_flatpage"
    }
},
{
    "model": "auth.permission",
    "pk": 33,
    "fields": {
        "name": "Can add Game",
        "content_type": [
            "Leaderboards",
            "game"
        ],
        "codename": "add_game"
    }
},
{
    "model": "auth.permission",
    "pk": 34,
    "fields": {
        "name": "Can change Game",
        "content_type": [
            "Leaderboards",
            "game"
        ],
        "codename": "change_game"
    }
},
{
    "model": "auth.permission",
    "pk": 35,
    "fields": {
        "name": "Can delete Game",
        "content_type": [
            "Leaderboards",
            "game"
        ],
        "codename": "delete_game"
    }
},
{
    "model": "auth.permission",
    "pk": 36,
    "fields": {
        "name": "Can view Game",
        "content_type": [
            "Leaderboards",
            "game"
        ],
        "codename": "view_game"
    }
},
{
    "model": "auth.permission",
    "pk": 37,
    "fields": {
        "name": "Can add League",
        "content_type": [
            "Leaderboards",
            "league"
        ],
        "codename": "add_league"
    }
},
{
    "model": "auth.permission",
    "pk": 38,
    "fields": {
        "name": "Can change League",
        "content_type": [
            "Leaderboards",
            "league"
        ],
        "codename": "change_league"
    }
},
{
    "model": "auth.permission",
    "pk": 39,
    "fields": {
        "name": "Can delete League",
        "content_type": [
            "Leaderboards",
            "league"
        ],
        "codename": "delete_league"
    }
},
{
    "model": "auth.permission",
    "pk": 40,
    "fields": {
        "name": "Can view League",
        "content_type": [
            "Leaderboards",
            "league"
        ],
        "codename": "view_league"
    }
},
{
    "model": "auth.permission",
    "pk": 41,
    "fields": {
        "name": "Can add Location",
        "content_type": [
            "Leaderboards",
            "location"
        ],
        "codename": "add_location"
    }
},
{
    "model": "auth.permission",
    "pk": 42,
    "fields": {
        "name": "Can change Location",
        "content_type": [
            "Leaderboards",
            "location"
        ],
        "codename": "change_location"
    }
},
{
    "model": "auth.permission",
    "pk": 43,
    "fields": {
        "name": "Can delete Location",
        "content_type": [
            "Leaderboards",
            "location"
        ],
        "codename": "delete_location"
    }
},
{
    "model": "auth.permission",
    "pk": 44,
    "fields": {
        "name": "Can view Location",
        "content_type": [
            "Leaderboards",
            "location"
        ],
        "codename": "view_location"
    }
},
{
    "model": "auth.permission",
    "pk": 45,
    "fields": {
        "name": "Can add Player",
        "content_type": [
            "Leaderboards",
            "player"
        ],
        "codename": "add_player"
    }
},
{
    "model": "auth.permission",
    "pk": 46,
    "fields": {
        "name": "Can change Player",
        "content_type": [
            "Leaderboards",
            "player"
        ],
        "codename": "change_player"
    }
},
{
    "model": "auth.permission",
    "pk": 47,
    "fields": {
        "name": "Can delete Player",
        "content_type": [
            "Leaderboards",
            "player"
        ],
        "codename": "delete_player"
    }
},
{
    "model": "auth.permission",
    "pk": 48,
    "fields": {
        "name": "Can view Player",
        "content_type": [
            "Leaderboards",
            "player"
        ],
        "codename": "view_player"
    }
},
{
    "model": "auth.permission",
    "pk": 49,
    "fields": {
        "name": "Can add Tourney",
        "content_type": [
            "Leaderboards",
            "tourney"
        ],
        "codename": "add_tourney"
    }
},
{
    "model": "auth.permission",
    "pk": 50,
    "fields": {
        "name": "Can change Tourney",
        "content_type": [
            "Leaderboards",
            "tourney"
        ],
        "codename": "change_tourney"
    }
},
{
    "model": "auth.permission",
    "pk": 51,
    "fields": {
        "name": "Can delete Tourney",
        "content_type": [
            "Leaderboards",
            "tourney"
        ],
        "codename": "delete_tourney"
    }
},
{
    "model": "auth.permission",
    "pk": 52,
    "fields": {
        "name": "Can view Tourney",
        "content_type": [
            "Leaderboards",
            "tourney"
        ],
        "codename": "view_tourney"
    }
},
{
    "model": "auth.permission",
    "pk": 53,
    "fields": {
        "name": "Can add Trueskill settings",
        "content_type": [
            "Leaderboards",
            "trueskillsettings"
        ],
        "codename": "add_trueskillsettings"
    }
},
{
    "model": "auth.permission",
    "pk": 54,
    "fields": {
        "name": "Can change Trueskill settings",
        "content_type": [
            "Leaderboards",
            "trueskillsettings"
        ],
        "codename": "change_trueskillsettings"
    }
},
{
    "model": "auth.permission",
    "pk": 55,
    "fields": {
        "name": "Can delete Trueskill settings",
        "content_type": [
            "Leaderboards",
            "trueskillsettings"
        ],
        "codename": "delete_trueskillsettings"
    }
},
{
    "model": "auth.permission",
    "pk": 56,
    "fields": {
        "name": "Can view Trueskill settings",
        "content_type": [
            "Leaderboards",
            "trueskillsettings"
        ],
        "codename": "view_trueskillsettings"
    }
},
{
    "model": "auth.permission",
    "pk": 57,
    "fields": {
        "name": "Can add Rule",
        "content_type": [
            "Leaderboards",
            "tourneyrules"
        ],
        "codename": "add_tourneyrules"
    }
},
{
    "model": "auth.permission",
    "pk": 58,
    "fields": {
        "name": "Can change Rule",
        "content_type": [
            "Leaderboards",
            "tourneyrules"
        ],
        "codename": "change_tourneyrules"
    }
},
{
    "model": "auth.permission",
    "pk": 59,
    "fields": {
        "name": "Can delete Rule",
        "content_type": [
            "Leaderboards",
            "tourneyrules"
        ],
        "codename": "delete_tourneyrules"
    }
},
{
    "model": "auth.permission",
    "pk": 60,
    "fields": {
        "name": "Can view Rule",
        "content_type": [
            "Leaderboards",
            "tourneyrules"
        ],
        "codename": "view_tourneyrules"
    }
},
{
    "model": "auth.permission",
    "pk": 61,
    "fields": {
        "name": "Can add Team",
        "content_type": [
            "Leaderboards",
            "team"
        ],
        "codename": "add_team"
    }
},
{
    "model": "auth.permission",
    "pk": 62,
    "fields": {
        "name": "Can change Team",
        "content_type": [
            "Leaderboards",
            "team"
        ],
        "codename": "change_team"
    }
},
{
    "model": "auth.permission",
    "pk": 63,
    "fields": {
        "name": "Can delete Team",
        "content_type": [
            "Leaderboards",
            "team"
        ],
        "codename": "delete_team"
    }
},
{
    "model": "auth.permission",
    "pk": 64,
    "fields": {
        "name": "Can view Team",
        "content_type": [
            "Leaderboards",
            "team"
        ],
        "codename": "view_team"
    }
},
{
    "model": "auth.permission",
    "pk": 65,
    "fields": {
        "name": "Can add Session",
        "content_type": [
            "Leaderboards",
            "session"
        ],
        "codename": "add_session"
    }
},
{
    "model": "auth.permission",
    "pk": 66,
    "fields": {
        "name": "Can change Session",
        "content_type": [
            "Leaderboards",
            "session"
        ],
        "codename": "change_session"
    }
},
{
    "model": "auth.permission",
    "pk": 67,
    "fields": {
        "name": "Can delete Session",
        "content_type": [
            "Leaderboards",
            "session"
        ],
        "codename": "delete_session"
    }
},
{
    "model": "auth.permission",
    "pk": 68,
    "fields": {
        "name": "Can view Session",
        "content_type": [
            "Leaderboards",
            "session"
        ],
        "codename": "view_session"
    }
},
{
    "model": "auth.permission",
    "pk": 69,
    "fields": {
        "name": "Can add Rebuild Log",
        "content_type": [
            "Leaderboards",
            "rebuildlog"
        ],
        "codename": "add_rebuildlog"
    }
},
{
    "model": "auth.permission",
    "pk": 70,
    "fields": {
        "name": "Can change Rebuild Log",
        "content_type": [
            "Leaderboards",
            "rebuildlog"
        ],
        "codename": "change_rebuildlog"
    }
},
{
    "model": "auth.permission",
    "pk": 71,
    "fields": {
        "name": "Can delete Rebuild Log",
        "content_type": [
            "Leaderboards",
            "rebuildlog"
        ],
        "codename": "delete_rebuildlog"
    }
},
{
    "model": "auth.permission",
    "pk": 72,
    "fields": {
        "name": "Can view Rebuild Log",
        "content_type": [
            "Leaderboards",
            "rebuildlog"
        ],
        "codename": "view_rebuildlog"
    }
},
{
    "model": "auth.permission",
    "pk": 73,
    "fields": {
        "name": "Can add Rating",
        "content_type": [
            "Leaderboards",
            "rating"
        ],
        "codename": "add_rating"
    }
},
{
    "model": "auth.permission",
    "pk": 74,
    "fields": {
        "name": "Can change Rating",
        "content_type": [
            "Leaderboards",
            "rating"
        ],
        "codename": "change_rating"
    }
},
{
    "model": "auth.permission",
    "pk": 75,
    "fields": {
        "name": "Can delete Rating",
        "content_type": [
            "Leaderboards",
            "rating"
        ],
        "codename": "delete_rating"
    }
},
{
    "model": "auth.permission",
    "pk": 76,
    "fields": {
        "name": "Can view Rating",
        "content_type": [
            "Leaderboards",
            "rating"
        ],
        "codename": "view_rating"
    }
},
{
    "model": "auth.permission",
    "pk": 77,
    "fields": {
        "name": "Can add Rank",
        "content_type": [
            "Leaderboards",
            "rank"
        ],
        "codename": "add_rank"
    }
},
{
    "model": "auth.permission",
    "pk": 78,
    "fields": {
        "name": "Can change Rank",
        "content_type": [
            "Leaderboards",
            "rank"
        ],
        "codename": "change_rank"
    }
},
{
    "model": "auth.permission",
    "pk": 79,
    "fields": {
        "name": "Can delete Rank",
        "content_type": [
            "Leaderboards",
            "rank"
        ],
        "codename": "delete_rank"
    }
},
{
    "model": "auth.permission",
    "pk": 80,
    "fields": {
        "name": "Can view Rank",
        "content_type": [
            "Leaderboards",
            "rank"
        ],
        "codename": "view_rank"
    }
},
{
    "model": "auth.permission",
    "pk": 81,
    "fields": {
        "name": "Can add Performance",
        "content_type": [
            "Leaderboards",
            "performance"
        ],
        "codename": "add_performance"
    }
},
{
    "model": "auth.permission",
    "pk": 82,
    "fields": {
        "name": "Can change Performance",
        "content_type": [
            "Leaderboards",
            "performance"
        ],
        "codename": "change_performance"
    }
},
{
    "model": "auth.permission",
    "pk": 83,
    "fields": {
        "name": "Can delete Performance",
        "content_type": [
            "Leaderboards",
            "performance"
        ],
        "codename": "delete_performance"
    }
},
{
    "model": "auth.permission",
    "pk": 84,
    "fields": {
        "name": "Can view Performance",
        "content_type": [
            "Leaderboards",
            "performance"
        ],
        "codename": "view_performance"
    }
},
{
    "model": "auth.permission",
    "pk": 85,
    "fields": {
        "name": "Can add Event",
        "content_type": [
            "Leaderboards",
            "event"
        ],
        "codename": "add_event"
    }
},
{
    "model": "auth.permission",
    "pk": 86,
    "fields": {
        "name": "Can change Event",
        "content_type": [
            "Leaderboards",
            "event"
        ],
        "codename": "change_event"
    }
},
{
    "model": "auth.permission",
    "pk": 87,
    "fields": {
        "name": "Can delete Event",
        "content_type": [
            "Leaderboards",
            "event"
        ],
        "codename": "delete_event"
    }
},
{
    "model": "auth.permission",
    "pk": 88,
    "fields": {
        "name": "Can view Event",
        "content_type": [
            "Leaderboards",
            "event"
        ],
        "codename": "view_event"
    }
},
{
    "model": "auth.permission",
    "pk": 89,
    "fields": {
        "name": "Can add Change Log",
        "content_type": [
            "Leaderboards",
            "changelog"
        ],
        "codename": "add_changelog"
    }
},
{
    "model": "auth.permission",
    "pk": 90,
    "fields": {
        "name": "Can change Change Log",
        "content_type": [
            "Leaderboards",
            "changelog"
        ],
        "codename": "change_changelog"
    }
},
{
    "model": "auth.permission",
    "pk": 91,
    "fields": {
        "name": "Can delete Change Log",
        "content_type": [
            "Leaderboards",
            "changelog"
        ],
        "codename": "delete_changelog"
    }
},
{
    "model": "auth.permission",
    "pk": 92,
    "fields": {
        "name": "Can view Change Log",
        "content_type": [
            "Leaderboards",
            "changelog"
        ],
        "codename": "view_changelog"
    }
},
{
    "model": "auth.permission",
    "pk": 93,
    "fields": {
        "name": "Can add backup rating",
        "content_type": [
            "Leaderboards",
            "backuprating"
        ],
        "codename": "add_backuprating"
    }
},
{
    "model": "auth.permission",
    "pk": 94,
    "fields": {
        "name": "Can change backup rating",
        "content_type": [
            "Leaderboards",
            "backuprating"
        ],
        "codename": "change_backuprating"
    }
},
{
    "model": "auth.permission",
    "pk": 95,
    "fields": {
        "name": "Can delete backup rating",
        "content_type": [
            "Leaderboards",
            "backuprating"
        ],
        "codename": "delete_backuprating"
    }
},
{
    "model": "auth.permission",
    "pk": 96,
    "fields": {
        "name": "Can view backup rating",
        "content_type": [
            "Leaderboards",
            "backuprating"
        ],
        "codename": "view_backuprating"
    }
},
{
    "model": "auth.user",
    "pk": 1,
    "fields": {
        "password": "pbkdf2_sha256$320000$ZpCXVCgRSXQIkXP0WbnJ3H$dfHudWl2eVZmzynxMuV8psz7TgK8Ae8/zS8cNBKb4Zo=",
        "last_login": null,
        "is_superuser": false,
        "username": "admin",
        "first_name": "",
        "last_name": "",
        "email": "noone@gmail.com",
        "is_staff": false,
        "is_active": true,
        "date_joined": "2022-08-28T08:25:16.892Z",
        "groups": [],
        "user_permissions": []
    }
},
{
    "model": "Leaderboards.league",
    "pk": 1,
    "fields": {
        "created_by": null,
        "created_on": "2022-08-28T08:25:17.108Z",
        "created_on_tz": "Australia/Hobart",
        "last_edited_by": null,
        "last_edited_on": "2022-08-28T08:25:17.108Z",
        "last_edited_on_tz": "Australia/Hobart",
        "name": "League1",
        "manager": 1,
        "locations": [
            1,
            2
        ],
        "players": [
            1,
            2,
            3,
            4,
            5,
            6
        ],
        "games": [
            2,
            3,
            1,
            6,
            7,
            4,
            5
        ]
    }
},
{
    "model": "Leaderboards.league",
    "pk": 2,
    "fields": {
        "created_by": null,
        "created_on": "2022-08-28T08:25:17.121Z",
        "created_on_tz": "Australia/Hobart",
        "last_edited_by": null,
        "last_edited_on": "2022-08-28T08:25:17.121Z",
        "last_edited_on_tz": "Australia/Hobart",
        "name": "League2",
        "manager": 8,
        "locations": [
            1,
            2
        ],
        "players": [
            3,
            4,
            5,
            6,
            7,
            8
        ],
        "games": [
            2,
            3,
            1,
            6,
            7,
            4,
            5
        ]
    }
},
{
    "model": "Leaderboards.team",
    "pk": 1,
    "fields": {
        "created_by": null,
        "created_on": "2022-08-28T08:25:17.948Z",
        "created_on_tz": "Australia/Hobart",
        "last_edited_by": null,
        "last_edited_on": "2022-08-28T08:25:17.952Z",
        "last_edited_on_tz": "Australia/Hobart",
        "name": null,
        "players": [
            1,
            2
        ]
    }
},
{
    "model": "Leaderboards.team",
    "pk": 2,
    "fields": {
        "created_by": null,
        "created_on": "2022-08-28T08:25:17.994Z",
        "created_on_tz": "Australia/Hobart",
        "last_edited_by": null,
        "last_edited_on": "2022-08-28T08:25:17.998Z",
        "last_edited_on_tz": "Australia/Hobart",
        "name": null,
        "players": [
            3,
            4
        ]
    }
},
{
    "model": "Leaderboards.team",
    "pk": 3,
    "fields": {
        "created_by": null,
        "created_on": "2022-08-28T08:25:18.577Z",
        "created_on_tz": "Australia/Hobart",
        "last_edited_by": null,
        "last_edited_on": "2022-08-28T08:25:18.579Z",
        "last_edited_on_tz": "Australia/Hobart",
        "name": null,
        "players": [
            1,
            2,
            3
        ]
    }
},
{
    "model": "Leaderboards.team",
    "pk": 4,
    "fields": {
        "created_by": null,
        "created_on": "2022-08-28T08:25:18.622Z",
        "created_on_tz": "Australia/Hobart",
        "last_edited_by": null,
        "last_edited_on": "2022-08-28T08:25:18.624Z",
        "last_edited_on_tz": "Australia/Hobart",
        "name": null,
        "players": [
            4,
            5,
            6
        ]
    }
},
{
    "model": "Leaderboards.player",
    "pk": 1,
    "fields": {
        "created_by": null,
        "created_on": "2022-08-28T08:25:17.099Z",
        "created_on_tz": "Australia/Hobart",
        "last_edited_by": null,
        "last_edited_on": "2022-08-28T08:25:17.099Z",
        "last_edited_on_tz": "Australia/Hobart",
        "name_nickname": "Player1",
        "name_personal": "Player",
        "name_family": "<Hidden>",
        "email_address": "<Hidden>",
        "BGGname": "",
        "is_registrar": false,
        "is_staff": false,
        "league": null,
        "user": null,
        "visibility_name_nickname": "1",
        "visibility_name_personal": "1",
        "visibility_name_family": "2",
        "visibility_email_address": "6",
        "visibility_BGGname": "6",
        "teams": [
            1,
            3
        ],
        "leagues": [
            1
        ]
    }
},
{
    "model": "Leaderboards.player",
    "pk": 2,
    "fields": {
        "created_by": null,
        "created_on": "2022-08-28T08:25:17.101Z",
        "created_on_tz": "Australia/Hobart",
        "last_edited_by": null,
        "last_edited_on": "2022-08-28T08:25:17.101Z",
        "last_edited_on_tz": "Australia/Hobart",
        "name_nickname": "Player2",
        "name_personal": "Player",
        "name_family": "<Hidden>",
        "email_address": "<Hidden>",
        "BGGname": "",
        "is_registrar": false,
        "is_staff": false,
        "league": null,
        "user": null,
        "visibility_name_nickname": "1",
        "visibility_name_personal": "1",
        "visibility_name_family": "2",
        "visibility_email_address": "6",
        "visibility_BGGname": "6",
        "teams": [
            1,
            3
        ],
        "leagues": [
            1
        ]
    }
},
{
    "model": "Leaderboards.player",
    "pk": 3,
    "fields": {
        "created_by": null,
        "created_on": "2022-08-28T08:25:17.102Z",
        "created_on_tz": "Australia/Hobart",
        "last_edited_by": null,
        "last_edited_on": "2022-08-28T08:25:17.102Z",
        "last_edited_on_tz": "Australia/Hobart",
        "name_nickname": "Player3",
        "name_personal": "Player",
        "name_family": "<Hidden>",
        "email_address": "<Hidden>",
        "BGGname": "",
        "is_registrar": false,
        "is_staff": false,
        "league": null,
        "user": null,
        "visibility_name_nickname": "1",
        "visibility_name_personal": "1",
        "visibility_name_family": "2",
        "visibility_email_address": "6",
        "visibility_BGGname": "6",
        "teams": [
            2,
            3
        ],
        "leagues": [
            1,
            2
        ]
    }
},
{
    "model": "Leaderboards.player",
    "pk": 4,
    "fields": {
        "created_by": null,
        "created_on": "2022-08-28T08:25:17.102Z",
        "created_on_tz": "Australia/Hobart",
        "last_edited_by": null,
        "last_edited_on": "2022-08-28T08:25:17.102Z",
        "last_edited_on_tz": "Australia/Hobart",
        "name_nickname": "Player4",
        "name_personal": "Player",
        "name_family": "<Hidden>",
        "email_address": "<Hidden>",
        "BGGname": "",
        "is_registrar": false,
        "is_staff": false,
        "league": null,
        "user": null,
        "visibility_name_nickname": "1",
        "visibility_name_personal": "1",
        "visibility_name_family": "2",
        "visibility_email_address": "6",
        "visibility_BGGname": "6",
        "teams": [
            2,
            4
        ],
        "leagues": [
            1,
            2
        ]
    }
},
{
    "model": "Leaderboards.player",
    "pk": 5,
    "fields": {
        "created_by": null,
        "created_on": "2022-08-28T08:25:17.103Z",
        "created_on_tz": "Australia/Hobart",
        "last_edited_by": null,
        "last_edited_on": "2022-08-28T08:25:17.103Z",
        "last_edited_on_tz": "Australia/Hobart",
        "name_nickname": "Player5",
        "name_personal": "Player",
        "name_family": "<Hidden>",
        "email_address": "<Hidden>",
        "BGGname": "",
        "is_registrar": false,
        "is_staff": false,
        "league": null,
        "user": null,
        "visibility_name_nickname": "1",
        "visibility_name_personal": "1",
        "visibility_name_family": "2",
        "visibility_email_address": "6",
        "visibility_BGGname": "6",
        "teams": [
            4
        ],
        "leagues": [
            1,
            2
        ]
    }
},
{
    "model": "Leaderboards.player",
    "pk": 6,
    "fields": {
        "created_by": null,
        "created_on": "2022-08-28T08:25:17.104Z",
        "created_on_tz": "Australia/Hobart",
        "last_edited_by": null,
        "last_edited_on": "2022-08-28T08:25:17.104Z",
        "last_edited_on_tz": "Australia/Hobart",
        "name_nickname": "Player6",
        "name_personal": "Player",
        "name_family": "<Hidden>",
        "email_address": "<Hidden>",
        "BGGname": "",
        "is_registrar": false,
        "is_staff": false,
        "league": null,
        "user": null,
        "visibility_name_nickname": "1",
        "visibility_name_personal": "1",
        "visibility_name_family": "2",
        "visibility_email_address": "6",
        "visibility_BGGname": "6",
        "teams": [
            4
        ],
        "leagues": [
            1,
            2
        ]
    }
},
{
    "model": "Leaderboards.player",
    "pk": 7,
    "fields": {
        "created_by": null,
        "created_on": "2022-08-28T08:25:17.105Z",
        "created_on_tz": "Australia/Hobart",
        "last_edited_by": null,
        "last_edited_on": "2022-08-28T08:25:17.105Z",
        "last_edited_on_tz": "Australia/Hobart",
        "name_nickname": "Player7",
        "name_personal": "Player",
        "name_family": "<Hidden>",
        "email_address": "<Hidden>",
        "BGGname": "",
        "is_registrar": false,
        "is_staff": false,
        "league": null,
        "user": null,
        "visibility_name_nickname": "1",
        "visibility_name_personal": "1",
        "visibility_name_family": "2",
        "visibility_email_address": "6",
        "visibility_BGGname": "6",
        "teams": [],
        "leagues": [
            2
        ]
    }
},
{
    "model": "Leaderboards.player",
    "pk": 8,
    "fields": {
        "created_by": null,
        "created_on": "2022-08-28T08:25:17.106Z",
        "created_on_tz": "Australia/Hobart",
        "last_edited_by": null,
        "last_edited_on": "2022-08-28T08:25:17.106Z",
        "last_edited_on_tz": "Australia/Hobart",
        "name_nickname": "Player8",
        "name_personal": "Player",
        "name_family": "<Hidden>",
        "email_address": "<Hidden>",
        "BGGname": "",
        "is_registrar": false,
        "is_staff": false,
        "league": null,
        "user": null,
        "visibility_name_nickname": "1",
        "visibility_name_personal": "1",
        "visibility_name_family": "2",
        "visibility_email_address": "6",
        "visibility_BGGname": "6",
        "teams": [],
        "leagues": [
            2
        ]
    }
},
{
    "model": "Leaderboards.location",
    "pk": 1,
    "fields": {
        "created_by": null,
        "created_on": "2022-08-28T08:25:17.107Z",
        "created_on_tz": "Australia/Hobart",
        "last_edited_by": null,
        "last_edited_on": "2022-08-28T08:25:17.107Z",
        "last_edited_on_tz": "Australia/Hobart",
        "name": "Location1",
        "timezone": "Australia/Hobart",
        "location": "0.0,0.0",
        "leagues": [
            1,
            2
        ]
    }
},
{
    "model": "Leaderboards.location",
    "pk": 2,
    "fields": {
        "created_by": null,
        "created_on": "2022-08-28T08:25:17.108Z",
        "created_on_tz": "Australia/Hobart",
        "last_edited_by": null,
        "last_edited_on": "2022-08-28T08:25:17.108Z",
        "last_edited_on_tz": "Australia/Hobart",
        "name": "Location2",
        "timezone": "Australia/Hobart",
        "location": "0.0,0.0",
        "leagues": [
            1,
            2
        ]
    }
},
{
    "model": "Leaderboards.tourneyrules",
    "pk": 1,
    "fields": {
        "created_by": null,
        "created_on": null,
        "created_on_tz": "Australia/Hobart",
        "last_edited_by": null,
        "last_edited_on": null,
        "last_edited_on_tz": "Australia/Hobart",
        "tourney": 1,
        "game": 1,
        "min_plays": 2,
        "weight": 1.0
    }
},
{
    "model": "Leaderboards.tourneyrules",
    "pk": 2,
    "fields": {
        "created_by": null,
        "created_on": null,
        "created_on_tz": "Australia/Hobart",
        "last_edited_by": null,
        "last_edited_on": null,
        "last_edited_on_tz": "Australia/Hobart",
        "tourney": 1,
        "game": 2,
        "min_plays": 2,
        "weight": 1.0
    }
},
{
    "model": "Leaderboards.tourneyrules",
    "pk": 3,
    "fields": {
        "created_by": null,
        "created_on": null,
        "created_on_tz": "Australia/Hobart",
        "last_edited_by": null,
        "last_edited_on": null,
        "last_edited_on_tz": "Australia/Hobart",
        "tourney": 1,
        "game": 3,
        "min_plays": 2,
        "weight": 1.0
    }
},
{
    "model": "Leaderboards.tourneyrules",
    "pk": 4,
    "fields": {
        "created_by": null,
        "created_on": null,
        "created_on_tz": "Australia/Hobart",
        "last_edited_by": null,
        "last_edited_on": null,
        "last_edited_on_tz": "Australia/Hobart",
        "tourney": 2,
        "game": 4,
        "min_plays": 2,
        "weight": 1.0
    }
},
{
    "model": "Leaderboards.tourneyrules",
    "pk": 5,
    "fields": {
        "created_by": null,
        "created_on": null,
        "created_on_tz": "Australia/Hobart",
        "last_edited_by": null,
        "last_edited_on": null,
        "last_edited_on_tz": "Australia/Hobart",
        "tourney": 2,
        "game": 5,
        "min_plays": 2,
        "weight": 1.0
    }
},
{
    "model": "Leaderboards.tourneyrules",
    "pk": 6,
    "fields": {
        "created_by": null,
        "created_on": null,
        "created_on_tz": "Australia/Hobart",
        "last_edited_by": null,
        "last_edited_on": null,
        "last_edited_on_tz": "Australia/Hobart",
        "tourney": 2,
        "game": 6,
        "min_plays": 2,
        "weight": 1.0
    }
},
{
    "model": "Leaderboards.tourneyrules",
    "pk": 7,
    "fields": {
        "created_by": null,
        "created_on": null,
        "created_on_tz": "Australia/Hobart",
        "last_edited_by": null,
        "last_edited_on": null,
        "last_edited_on_tz": "Australia/Hobart",
        "tourney": 2,
        "game": 7,
        "min_plays": 2,
        "weight": 1.0
    }
},
{
    "model": "Leaderboards.tourney",
    "pk": 1,
    "fields": {
        "created_by": null,
        "created_on": "2022-08-28T08:25:17.084Z",
        "created_on_tz": "Australia/Hobart",
        "last_edited_by": null,
        "last_edited_on": "2022-08-28T08:25:17.084Z",
        "last_edited_on_tz": "Australia/Hobart",
        "name": "tourney1",
        "allowed_imbalance": 0.5
    }
},
{
    "model": "Leaderboards.tourney",
    "pk": 2,
    "fields": {
        "created_by": null,
        "created_on": "2022-08-28T08:25:17.092Z",
        "created_on_tz": "Australia/Hobart",
        "last_edited_by": null,
        "last_edited_on": "2022-08-28T08:25:17.092Z",
        "last_edited_on_tz": "Australia/Hobart",
        "name": "tourney2",
        "allowed_imbalance": 0.5
    }
},
{
    "model": "Leaderboards.game",
    "pk": 1,
    "fields": {
        "created_by": null,
        "created_on": "2022-08-28T08:25:17.075Z",
        "created_on_tz": "Australia/Hobart",
        "last_edited_by": null,
        "last_edited_on": "2022-08-28T08:25:17.075Z",
        "last_edited_on_tz": "Australia/Hobart",
        "BGGid": null,
        "name": "NO_SCORES",
        "individual_play": true,
        "team_play": false,
        "scoring": 0,
        "min_players": 2,
        "max_players": 4,
        "min_players_per_team": 2,
        "max_players_per_team": 4,
        "expected_play_time": "01:30:00",
        "trueskill_beta": 4.166666666666667,
        "trueskill_tau": 0.08333333333333334,
        "trueskill_p": 0.1,
        "leagues": [
            1,
            2
        ]
    }
},
{
    "model": "Leaderboards.game",
    "pk": 2,
    "fields": {
        "created_by": null,
        "created_on": "2022-08-28T08:25:17.077Z",
        "created_on_tz": "Australia/Hobart",
        "last_edited_by": null,
        "last_edited_on": "2022-08-28T08:25:17.077Z",
        "last_edited_on_tz": "Australia/Hobart",
        "BGGid": null,
        "name": "INDIVIDUAL_HIGH_SCORE_WINS",
        "individual_play": true,
        "team_play": false,
        "scoring": 1,
        "min_players": 2,
        "max_players": 4,
        "min_players_per_team": 2,
        "max_players_per_team": 4,
        "expected_play_time": "01:30:00",
        "trueskill_beta": 4.166666666666667,
        "trueskill_tau": 0.08333333333333334,
        "trueskill_p": 0.1,
        "leagues": [
            1,
            2
        ]
    }
},
{
    "model": "Leaderboards.game",
    "pk": 3,
    "fields": {
        "created_by": null,
        "created_on": "2022-08-28T08:25:17.078Z",
        "created_on_tz": "Australia/Hobart",
        "last_edited_by": null,
        "last_edited_on": "2022-08-28T08:25:17.078Z",
        "last_edited_on_tz": "Australia/Hobart",
        "BGGid": null,
        "name": "INDIVIDUAL_LOW_SCORE_WINS",
        "individual_play": true,
        "team_play": false,
        "scoring": 2,
        "min_players": 2,
        "max_players": 4,
        "min_players_per_team": 2,
        "max_players_per_team": 4,
        "expected_play_time": "01:30:00",
        "trueskill_beta": 4.166666666666667,
        "trueskill_tau": 0.08333333333333334,
        "trueskill_p": 0.1,
        "leagues": [
            1,
            2
        ]
    }
},
{
    "model": "Leaderboards.game",
    "pk": 4,
    "fields": {
        "created_by": null,
        "created_on": "2022-08-28T08:25:17.079Z",
        "created_on_tz": "Australia/Hobart",
        "last_edited_by": null,
        "last_edited_on": "2022-08-28T08:25:17.079Z",
        "last_edited_on_tz": "Australia/Hobart",
        "BGGid": null,
        "name": "TEAM_HIGH_SCORE_WINS",
        "individual_play": false,
        "team_play": true,
        "scoring": 3,
        "min_players": 2,
        "max_players": 4,
        "min_players_per_team": 2,
        "max_players_per_team": 4,
        "expected_play_time": "01:30:00",
        "trueskill_beta": 4.166666666666667,
        "trueskill_tau": 0.08333333333333334,
        "trueskill_p": 0.1,
        "leagues": [
            1,
            2
        ]
    }
},
{
    "model": "Leaderboards.game",
    "pk": 5,
    "fields": {
        "created_by": null,
        "created_on": "2022-08-28T08:25:17.080Z",
        "created_on_tz": "Australia/Hobart",
        "last_edited_by": null,
        "last_edited_on": "2022-08-28T08:25:17.080Z",
        "last_edited_on_tz": "Australia/Hobart",
        "BGGid": null,
        "name": "TEAM_LOW_SCORE_WINS",
        "individual_play": false,
        "team_play": true,
        "scoring": 4,
        "min_players": 2,
        "max_players": 4,
        "min_players_per_team": 2,
        "max_players_per_team": 4,
        "expected_play_time": "01:30:00",
        "trueskill_beta": 4.166666666666667,
        "trueskill_tau": 0.08333333333333334,
        "trueskill_p": 0.1,
        "leagues": [
            1,
            2
        ]
    }
},
{
    "model": "Leaderboards.game",
    "pk": 6,
    "fields": {
        "created_by": null,
        "created_on": "2022-08-28T08:25:17.081Z",
        "created_on_tz": "Australia/Hobart",
        "last_edited_by": null,
        "last_edited_on": "2022-08-28T08:25:17.081Z",
        "last_edited_on_tz": "Australia/Hobart",
        "BGGid": null,
        "name": "TEAM_AND_INDIVIDUAL_HIGH_SCORE_WINS",
        "individual_play": true,
        "team_play": true,
        "scoring": 5,
        "min_players": 2,
        "max_players": 4,
        "min_players_per_team": 2,
        "max_players_per_team": 4,
        "expected_play_time": "01:30:00",
        "trueskill_beta": 4.166666666666667,
        "trueskill_tau": 0.08333333333333334,
        "trueskill_p": 0.1,
        "leagues": [
            1,
            2
        ]
    }
},
{
    "model": "Leaderboards.game",
    "pk": 7,
    "fields": {
        "created_by": null,
        "created_on": "2022-08-28T08:25:17.082Z",
        "created_on_tz": "Australia/Hobart",
        "last_edited_by": null,
        "last_edited_on": "2022-08-28T08:25:17.082Z",
        "last_edited_on_tz": "Australia/Hobart",
        "BGGid": null,
        "name": "TEAM_AND_INDIVIDUAL_LOW_SCORE_WINS",
        "individual_play": true,
        "team_play": true,
        "scoring": 6,
        "min_players": 2,
        "max_players": 4,
        "min_players_per_team": 2,
        "max_players_per_team": 4,
        "expected_play_time": "01:30:00",
        "trueskill_beta": 4.166666666666667,
        "trueskill_tau": 0.08333333333333334,
        "trueskill_p": 0.1,
        "leagues": [
            1,
            2
        ]
    }
},
{
    "model": "Leaderboards.rank",
    "pk": 1,
    "fields": {
        "created_by": null,
        "created_on": "2022-08-28T08:25:17.135Z",
        "created_on_tz": "Australia/Hobart",
        "last_edited_by": null,
        "last_edited_on": "2022-08-28T08:25:17.136Z",
        "last_edited_on_tz": "Australia/Hobart",
        "session": 1,
        "rank": 1,
        "score": null,
        "player": 1,
        "team": null
    }
},
{
    "model": "Leaderboards.rank",
    "pk": 2,
    "fields": {
        "created_by": null,
        "created_on": "2022-08-28T08:25:17.140Z",
        "created_on_tz": "Australia/Hobart",
        "last_edited_by": null,
        "last_edited_on": "2022-08-28T08:25:17.141Z",
        "last_edited_on_tz": "Australia/Hobart",
        "session": 1,
        "rank": 2,
        "score": null,
        "player": 2,
        "team": null
    }
},
{
    "model": "Leaderboards.rank",
    "pk": 3,
    "fields": {
        "created_by": null,
        "created_on": "2022-08-28T08:25:17.144Z",
        "created_on_tz": "Australia/Hobart",
        "last_edited_by": null,
        "last_edited_on": "2022-08-28T08:25:17.145Z",
        "last_edited_on_tz": "Australia/Hobart",
        "session": 1,
        "rank": 3,
        "score": null,
        "player": 3,
        "team": null
    }
},
{
    "model": "Leaderboards.rank",
    "pk": 4,
    "fields": {
        "created_by": null,
        "created_on": "2022-08-28T08:25:17.148Z",
        "created_on_tz": "Australia/Hobart",
        "last_edited_by": null,
        "last_edited_on": "2022-08-28T08:25:17.149Z",
        "last_edited_on_tz": "Australia/Hobart",
        "session": 1,
        "rank": 4,
        "score": null,
        "player": 4,
        "team": null
    }
},
{
    "model": "Leaderboards.rank",
    "pk": 5,
    "fields": {
        "created_by": null,
        "created_on": "2022-08-28T08:25:17.404Z",
        "created_on_tz": "Australia/Hobart",
        "last_edited_by": null,
        "last_edited_on": "2022-08-28T08:25:17.404Z",
        "last_edited_on_tz": "Australia/Hobart",
        "session": 2,
        "rank": 1,
        "score": null,
        "player": 1,
        "team": null
    }
},
{
    "model": "Leaderboards.rank",
    "pk": 6,
    "fields": {
        "created_by": null,
        "created_on": "2022-08-28T08:25:17.409Z",
        "created_on_tz": "Australia/Hobart",
        "last_edited_by": null,
        "last_edited_on": "2022-08-28T08:25:17.410Z",
        "last_edited_on_tz": "Australia/Hobart",
        "session": 2,
        "rank": 2,
        "score": null,
        "player": 2,
        "team": null
    }
},
{
    "model": "Leaderboards.rank",
    "pk": 7,
    "fields": {
        "created_by": null,
        "created_on": "2022-08-28T08:25:17.413Z",
        "created_on_tz": "Australia/Hobart",
        "last_edited_by": null,
        "last_edited_on": "2022-08-28T08:25:17.414Z",
        "last_edited_on_tz": "Australia/Hobart",
        "session": 2,
        "rank": 3,
        "score": null,
        "player": 3,
        "team": null
    }
},
{
    "model": "Leaderboards.rank",
    "pk": 8,
    "fields": {
        "created_by": null,
        "created_on": "2022-08-28T08:25:17.417Z",
        "created_on_tz": "Australia/Hobart",
        "last_edited_by": null,
        "last_edited_on": "2022-08-28T08:25:17.418Z",
        "last_edited_on_tz": "Australia/Hobart",
        "session": 2,
        "rank": 4,
        "score": null,
        "player": 4,
        "team": null
    }
},
{
    "model": "Leaderboards.rank",
    "pk": 9,
    "fields": {
        "created_by": null,
        "created_on": "2022-08-28T08:25:17.646Z",
        "created_on_tz": "Australia/Hobart",
        "last_edited_by": null,
        "last_edited_on": "2022-08-28T08:25:17.648Z",
        "last_edited_on_tz": "Australia/Hobart",
        "session": 3,
        "rank": 1,
        "score": null,
        "player": 1,
        "team": null
    }
},
{
    "model": "Leaderboards.rank",
    "pk": 10,
    "fields": {
        "created_by": null,
        "created_on": "2022-08-28T08:25:17.652Z",
        "created_on_tz": "Australia/Hobart",
        "last_edited_by": null,
        "last_edited_on": "2022-08-28T08:25:17.653Z",
        "last_edited_on_tz": "Australia/Hobart",
        "session": 3,
        "rank": 2,
        "score": null,
        "player": 2,
        "team": null
    }
},
{
    "model": "Leaderboards.rank",
    "pk": 11,
    "fields": {
        "created_by": null,
        "created_on": "2022-08-28T08:25:17.657Z",
        "created_on_tz": "Australia/Hobart",
        "last_edited_by": null,
        "last_edited_on": "2022-08-28T08:25:17.658Z",
        "last_edited_on_tz": "Australia/Hobart",
        "session": 3,
        "rank": 3,
        "score": null,
        "player": 3,
        "team": null
    }
},
{
    "model": "Leaderboards.rank",
    "pk": 12,
    "fields": {
        "created_by": null,
        "created_on": "2022-08-28T08:25:17.662Z",
        "created_on_tz": "Australia/Hobart",
        "last_edited_by": null,
        "last_edited_on": "2022-08-28T08:25:17.663Z",
        "last_edited_on_tz": "Australia/Hobart",
        "session": 3,
        "rank": 4,
        "score": null,
        "player": 4,
        "team": null
    }
},
{
    "model": "Leaderboards.rank",
    "pk": 13,
    "fields": {
        "created_by": null,
        "created_on": "2022-08-28T08:25:17.973Z",
        "created_on_tz": "Australia/Hobart",
        "last_edited_by": null,
        "last_edited_on": "2022-08-28T08:25:17.974Z",
        "last_edited_on_tz": "Australia/Hobart",
        "session": 4,
        "rank": 1,
        "score": null,
        "player": null,
        "team": 1
    }
},
{
    "model": "Leaderboards.rank",
    "pk": 14,
    "fields": {
        "created_by": null,
        "created_on": "2022-08-28T08:25:18.029Z",
        "created_on_tz": "Australia/Hobart",
        "last_edited_by": null,
        "last_edited_on": "2022-08-28T08:25:18.031Z",
        "last_edited_on_tz": "Australia/Hobart",
        "session": 4,
        "rank": 2,
        "score": null,
        "player": null,
        "team": 2
    }
},
{
    "model": "Leaderboards.rank",
    "pk": 15,
    "fields": {
        "created_by": null,
        "created_on": "2022-08-28T08:25:18.287Z",
        "created_on_tz": "Australia/Hobart",
        "last_edited_by": null,
        "last_edited_on": "2022-08-28T08:25:18.288Z",
        "last_edited_on_tz": "Australia/Hobart",
        "session": 5,
        "rank": 1,
        "score": null,
        "player": null,
        "team": 1
    }
},
{
    "model": "Leaderboards.rank",
    "pk": 16,
    "fields": {
        "created_by": null,
        "created_on": "2022-08-28T08:25:18.324Z",
        "created_on_tz": "Australia/Hobart",
        "last_edited_by": null,
        "last_edited_on": "2022-08-28T08:25:18.326Z",
        "last_edited_on_tz": "Australia/Hobart",
        "session": 5,
        "rank": 2,
        "score": null,
        "player": null,
        "team": 2
    }
},
{
    "model": "Leaderboards.rank",
    "pk": 17,
    "fields": {
        "created_by": null,
        "created_on": "2022-08-28T08:25:18.608Z",
        "created_on_tz": "Australia/Hobart",
        "last_edited_by": null,
        "last_edited_on": "2022-08-28T08:25:18.609Z",
        "last_edited_on_tz": "Australia/Hobart",
        "session": 6,
        "rank": 1,
        "score": null,
        "player": null,
        "team": 3
    }
},
{
    "model": "Leaderboards.rank",
    "pk": 18,
    "fields": {
        "created_by": null,
        "created_on": "2022-08-28T08:25:18.648Z",
        "created_on_tz": "Australia/Hobart",
        "last_edited_by": null,
        "last_edited_on": "2022-08-28T08:25:18.649Z",
        "last_edited_on_tz": "Australia/Hobart",
        "session": 6,
        "rank": 2,
        "score": null,
        "player": null,
        "team": 4
    }
},
{
    "model": "Leaderboards.rank",
    "pk": 19,
    "fields": {
        "created_by": null,
        "created_on": "2022-08-28T08:25:18.995Z",
        "created_on_tz": "Australia/Hobart",
        "last_edited_by": null,
        "last_edited_on": "2022-08-28T08:25:18.995Z",
        "last_edited_on_tz": "Australia/Hobart",
        "session": 7,
        "rank": 1,
        "score": null,
        "player": 1,
        "team": null
    }
},
{
    "model": "Leaderboards.rank",
    "pk": 20,
    "fields": {
        "created_by": null,
        "created_on": "2022-08-28T08:25:18.998Z",
        "created_on_tz": "Australia/Hobart",
        "last_edited_by": null,
        "last_edited_on": "2022-08-28T08:25:18.999Z",
        "last_edited_on_tz": "Australia/Hobart",
        "session": 7,
        "rank": 2,
        "score": null,
        "player": 2,
        "team": null
    }
},
{
    "model": "Leaderboards.rank",
    "pk": 21,
    "fields": {
        "created_by": null,
        "created_on": "2022-08-28T08:25:19.002Z",
        "created_on_tz": "Australia/Hobart",
        "last_edited_by": null,
        "last_edited_on": "2022-08-28T08:25:19.003Z",
        "last_edited_on_tz": "Australia/Hobart",
        "session": 7,
        "rank": 3,
        "score": null,
        "player": 3,
        "team": null
    }
},
{
    "model": "Leaderboards.rank",
    "pk": 22,
    "fields": {
        "created_by": null,
        "created_on": "2022-08-28T08:25:19.005Z",
        "created_on_tz": "Australia/Hobart",
        "last_edited_by": null,
        "last_edited_on": "2022-08-28T08:25:19.006Z",
        "last_edited_on_tz": "Australia/Hobart",
        "session": 7,
        "rank": 4,
        "score": null,
        "player": 4,
        "team": null
    }
},
{
    "model": "Leaderboards.rank",
    "pk": 23,
    "fields": {
        "created_by": null,
        "created_on": "2022-08-28T08:25:19.285Z",
        "created_on_tz": "Australia/Hobart",
        "last_edited_by": null,
        "last_edited_on": "2022-08-28T08:25:19.287Z",
        "last_edited_on_tz": "Australia/Hobart",
        "session": 8,
        "rank": 1,
        "score": null,
        "player": null,
        "team": 1
    }
},
{
    "model": "Leaderboards.rank",
    "pk": 24,
    "fields": {
        "created_by": null,
        "created_on": "2022-08-28T08:25:19.343Z",
        "created_on_tz": "Australia/Hobart",
        "last_edited_by": null,
        "last_edited_on": "2022-08-28T08:25:19.345Z",
        "last_edited_on_tz": "Australia/Hobart",
        "session": 8,
        "rank": 2,
        "score": null,
        "player": null,
        "team": 2
    }
},
{
    "model": "Leaderboards.rank",
    "pk": 25,
    "fields": {
        "created_by": null,
        "created_on": "2022-08-28T08:25:19.644Z",
        "created_on_tz": "Australia/Hobart",
        "last_edited_by": null,
        "last_edited_on": "2022-08-28T08:25:19.645Z",
        "last_edited_on_tz": "Australia/Hobart",
        "session": 9,
        "rank": 4,
        "score": null,
        "player": 1,
        "team": null
    }
},
{
    "model": "Leaderboards.rank",
    "pk": 26,
    "fields": {
        "created_by": null,
        "created_on": "2022-08-28T08:25:19.647Z",
        "created_on_tz": "Australia/Hobart",
        "last_edited_by": null,
        "last_edited_on": "2022-08-28T08:25:19.648Z",
        "last_edited_on_tz": "Australia/Hobart",
        "session": 9,
        "rank": 3,
        "score": null,
        "player": 2,
        "team": null
    }
},
{
    "model": "Leaderboards.rank",
    "pk": 27,
    "fields": {
        "created_by": null,
        "created_on": "2022-08-28T08:25:19.651Z",
        "created_on_tz": "Australia/Hobart",
        "last_edited_by": null,
        "last_edited_on": "2022-08-28T08:25:19.651Z",
        "last_edited_on_tz": "Australia/Hobart",
        "session": 9,
        "rank": 2,
        "score": null,
        "player": 3,
        "team": null
    }
},
{
    "model": "Leaderboards.rank",
    "pk": 28,
    "fields": {
        "created_by": null,
        "created_on": "2022-08-28T08:25:19.654Z",
        "created_on_tz": "Australia/Hobart",
        "last_edited_by": null,
        "last_edited_on": "2022-08-28T08:25:19.655Z",
        "last_edited_on_tz": "Australia/Hobart",
        "session": 9,
        "rank": 1,
        "score": null,
        "player": 4,
        "team": null
    }
},
{
    "model": "Leaderboards.rank",
    "pk": 29,
    "fields": {
        "created_by": null,
        "created_on": "2022-08-28T08:25:19.897Z",
        "created_on_tz": "Australia/Hobart",
        "last_edited_by": null,
        "last_edited_on": "2022-08-28T08:25:19.897Z",
        "last_edited_on_tz": "Australia/Hobart",
        "session": 10,
        "rank": 2,
        "score": null,
        "player": 3,
        "team": null
    }
},
{
    "model": "Leaderboards.rank",
    "pk": 30,
    "fields": {
        "created_by": null,
        "created_on": "2022-08-28T08:25:19.900Z",
        "created_on_tz": "Australia/Hobart",
        "last_edited_by": null,
        "last_edited_on": "2022-08-28T08:25:19.901Z",
        "last_edited_on_tz": "Australia/Hobart",
        "session": 10,
        "rank": 3,
        "score": null,
        "player": 4,
        "team": null
    }
},
{
    "model": "Leaderboards.rank",
    "pk": 31,
    "fields": {
        "created_by": null,
        "created_on": "2022-08-28T08:25:19.904Z",
        "created_on_tz": "Australia/Hobart",
        "last_edited_by": null,
        "last_edited_on": "2022-08-28T08:25:19.905Z",
        "last_edited_on_tz": "Australia/Hobart",
        "session": 10,
        "rank": 1,
        "score": null,
        "player": 5,
        "team": null
    }
},
{
    "model": "Leaderboards.rank",
    "pk": 32,
    "fields": {
        "created_by": null,
        "created_on": "2022-08-28T08:25:19.908Z",
        "created_on_tz": "Australia/Hobart",
        "last_edited_by": null,
        "last_edited_on": "2022-08-28T08:25:19.909Z",
        "last_edited_on_tz": "Australia/Hobart",
        "session": 10,
        "rank": 4,
        "score": null,
        "player": 6,
        "team": null
    }
},
{
    "model": "Leaderboards.rank",
    "pk": 33,
    "fields": {
        "created_by": null,
        "created_on": "2022-08-28T08:25:20.127Z",
        "created_on_tz": "Australia/Hobart",
        "last_edited_by": null,
        "last_edited_on": "2022-08-28T08:25:20.128Z",
        "last_edited_on_tz": "Australia/Hobart",
        "session": 11,
        "rank": 1,
        "score": null,
        "player": 1,
        "team": null
    }
},
{
    "model": "Leaderboards.rank",
    "pk": 34,
    "fields": {
        "created_by": null,
        "created_on": "2022-08-28T08:25:20.131Z",
        "created_on_tz": "Australia/Hobart",
        "last_edited_by": null,
        "last_edited_on": "2022-08-28T08:25:20.131Z",
        "last_edited_on_tz": "Australia/Hobart",
        "session": 11,
        "rank": 3,
        "score": null,
        "player": 2,
        "team": null
    }
},
{
    "model": "Leaderboards.rank",
    "pk": 35,
    "fields": {
        "created_by": null,
        "created_on": "2022-08-28T08:25:20.135Z",
        "created_on_tz": "Australia/Hobart",
        "last_edited_by": null,
        "last_edited_on": "2022-08-28T08:25:20.136Z",
        "last_edited_on_tz": "Australia/Hobart",
        "session": 11,
        "rank": 4,
        "score": null,
        "player": 5,
        "team": null
    }
},
{
    "model": "Leaderboards.rank",
    "pk": 36,
    "fields": {
        "created_by": null,
        "created_on": "2022-08-28T08:25:20.142Z",
        "created_on_tz": "Australia/Hobart",
        "last_edited_by": null,
        "last_edited_on": "2022-08-28T08:25:20.143Z",
        "last_edited_on_tz": "Australia/Hobart",
        "session": 11,
        "rank": 2,
        "score": null,
        "player": 6,
        "team": null
    }
},
{
    "model": "Leaderboards.rank",
    "pk": 37,
    "fields": {
        "created_by": null,
        "created_on": "2022-08-28T08:25:20.367Z",
        "created_on_tz": "Australia/Hobart",
        "last_edited_by": null,
        "last_edited_on": "2022-08-28T08:25:20.368Z",
        "last_edited_on_tz": "Australia/Hobart",
        "session": 12,
        "rank": 1,
        "score": null,
        "player": 1,
        "team": null
    }
},
{
    "model": "Leaderboards.rank",
    "pk": 38,
    "fields": {
        "created_by": null,
        "created_on": "2022-08-28T08:25:20.371Z",
        "created_on_tz": "Australia/Hobart",
        "last_edited_by": null,
        "last_edited_on": "2022-08-28T08:25:20.371Z",
        "last_edited_on_tz": "Australia/Hobart",
        "session": 12,
        "rank": 2,
        "score": null,
        "player": 4,
        "team": null
    }
},
{
    "model": "Leaderboards.rank",
    "pk": 39,
    "fields": {
        "created_by": null,
        "created_on": "2022-08-28T08:25:20.374Z",
        "created_on_tz": "Australia/Hobart",
        "last_edited_by": null,
        "last_edited_on": "2022-08-28T08:25:20.375Z",
        "last_edited_on_tz": "Australia/Hobart",
        "session": 12,
        "rank": 3,
        "score": null,
        "player": 5,
        "team": null
    }
},
{
    "model": "Leaderboards.rank",
    "pk": 40,
    "fields": {
        "created_by": null,
        "created_on": "2022-08-28T08:25:20.378Z",
        "created_on_tz": "Australia/Hobart",
        "last_edited_by": null,
        "last_edited_on": "2022-08-28T08:25:20.378Z",
        "last_edited_on_tz": "Australia/Hobart",
        "session": 12,
        "rank": 4,
        "score": null,
        "player": 3,
        "team": null
    }
},
{
    "model": "Leaderboards.performance",
    "pk": 1,
    "fields": {
        "created_by": null,
        "created_on": "2022-08-28T08:25:17.137Z",
        "created_on_tz": "Australia/Hobart",
        "last_edited_by": null,
        "last_edited_on": "2022-08-28T08:25:17.267Z",
        "last_edited_on_tz": "Australia/Hobart",
        "session": 1,
        "player": 1,
        "partial_play_weighting": 1.0,
        "score": null,
        "play_number": 1,
        "victory_count": 1,
        "trueskill_mu_before": 25.0,
        "trueskill_sigma_before": 8.333333333333334,
        "trueskill_eta_before": 0.0,
        "trueskill_mu_after": 33.20668096563102,
        "trueskill_sigma_after": 6.348109169807742,
        "trueskill_eta_after": 14.162353456207796,
        "trueskill_mu0": 25.0,
        "trueskill_sigma0": 8.333333333333334,
        "trueskill_delta": 0.0001,
        "trueskill_beta": 4.166666666666667,
        "trueskill_tau": 0.08333333333333334,
        "trueskill_p": 0.1
    }
},
{
    "model": "Leaderboards.performance",
    "pk": 2,
    "fields": {
        "created_by": null,
        "created_on": "2022-08-28T08:25:17.142Z",
        "created_on_tz": "Australia/Hobart",
        "last_edited_by": null,
        "last_edited_on": "2022-08-28T08:25:17.280Z",
        "last_edited_on_tz": "Australia/Hobart",
        "session": 1,
        "player": 2,
        "partial_play_weighting": 1.0,
        "score": null,
        "play_number": 1,
        "victory_count": 0,
        "trueskill_mu_before": 25.0,
        "trueskill_sigma_before": 8.333333333333334,
        "trueskill_eta_before": 0.0,
        "trueskill_mu_after": 27.40145469384325,
        "trueskill_sigma_after": 5.7871629348447815,
        "trueskill_eta_after": 10.039965889308903,
        "trueskill_mu0": 25.0,
        "trueskill_sigma0": 8.333333333333334,
        "trueskill_delta": 0.0001,
        "trueskill_beta": 4.166666666666667,
        "trueskill_tau": 0.08333333333333334,
        "trueskill_p": 0.1
    }
},
{
    "model": "Leaderboards.performance",
    "pk": 3,
    "fields": {
        "created_by": null,
        "created_on": "2022-08-28T08:25:17.146Z",
        "created_on_tz": "Australia/Hobart",
        "last_edited_by": null,
        "last_edited_on": "2022-08-28T08:25:17.297Z",
        "last_edited_on_tz": "Australia/Hobart",
        "session": 1,
        "player": 3,
        "partial_play_weighting": 1.0,
        "score": null,
        "play_number": 1,
        "victory_count": 0,
        "trueskill_mu_before": 25.0,
        "trueskill_sigma_before": 8.333333333333334,
        "trueskill_eta_before": 0.0,
        "trueskill_mu_after": 22.598545306188456,
        "trueskill_sigma_after": 5.78716293484137,
        "trueskill_eta_after": 5.237056501664345,
        "trueskill_mu0": 25.0,
        "trueskill_sigma0": 8.333333333333334,
        "trueskill_delta": 0.0001,
        "trueskill_beta": 4.166666666666667,
        "trueskill_tau": 0.08333333333333334,
        "trueskill_p": 0.1
    }
},
{
    "model": "Leaderboards.performance",
    "pk": 4,
    "fields": {
        "created_by": null,
        "created_on": "2022-08-28T08:25:17.149Z",
        "created_on_tz": "Australia/Hobart",
        "last_edited_by": null,
        "last_edited_on": "2022-08-28T08:25:17.311Z",
        "last_edited_on_tz": "Australia/Hobart",
        "session": 1,
        "player": 4,
        "partial_play_weighting": 1.0,
        "score": null,
        "play_number": 1,
        "victory_count": 0,
        "trueskill_mu_before": 25.0,
        "trueskill_sigma_before": 8.333333333333334,
        "trueskill_eta_before": 0.0,
        "trueskill_mu_after": 16.7933190343615,
        "trueskill_sigma_after": 6.348109169814532,
        "trueskill_eta_after": -2.2510084750820987,
        "trueskill_mu0": 25.0,
        "trueskill_sigma0": 8.333333333333334,
        "trueskill_delta": 0.0001,
        "trueskill_beta": 4.166666666666667,
        "trueskill_tau": 0.08333333333333334,
        "trueskill_p": 0.1
    }
},
{
    "model": "Leaderboards.performance",
    "pk": 5,
    "fields": {
        "created_by": null,
        "created_on": "2022-08-28T08:25:17.406Z",
        "created_on_tz": "Australia/Hobart",
        "last_edited_by": null,
        "last_edited_on": "2022-08-28T08:25:17.525Z",
        "last_edited_on_tz": "Australia/Hobart",
        "session": 2,
        "player": 1,
        "partial_play_weighting": 1.0,
        "score": null,
        "play_number": 1,
        "victory_count": 1,
        "trueskill_mu_before": 25.0,
        "trueskill_sigma_before": 8.333333333333334,
        "trueskill_eta_before": 0.0,
        "trueskill_mu_after": 33.20668096563102,
        "trueskill_sigma_after": 6.348109169807742,
        "trueskill_eta_after": 14.162353456207796,
        "trueskill_mu0": 25.0,
        "trueskill_sigma0": 8.333333333333334,
        "trueskill_delta": 0.0001,
        "trueskill_beta": 4.166666666666667,
        "trueskill_tau": 0.08333333333333334,
        "trueskill_p": 0.1
    }
},
{
    "model": "Leaderboards.performance",
    "pk": 6,
    "fields": {
        "created_by": null,
        "created_on": "2022-08-28T08:25:17.411Z",
        "created_on_tz": "Australia/Hobart",
        "last_edited_by": null,
        "last_edited_on": "2022-08-28T08:25:17.535Z",
        "last_edited_on_tz": "Australia/Hobart",
        "session": 2,
        "player": 2,
        "partial_play_weighting": 1.0,
        "score": null,
        "play_number": 1,
        "victory_count": 0,
        "trueskill_mu_before": 25.0,
        "trueskill_sigma_before": 8.333333333333334,
        "trueskill_eta_before": 0.0,
        "trueskill_mu_after": 27.40145469384325,
        "trueskill_sigma_after": 5.7871629348447815,
        "trueskill_eta_after": 10.039965889308903,
        "trueskill_mu0": 25.0,
        "trueskill_sigma0": 8.333333333333334,
        "trueskill_delta": 0.0001,
        "trueskill_beta": 4.166666666666667,
        "trueskill_tau": 0.08333333333333334,
        "trueskill_p": 0.1
    }
},
{
    "model": "Leaderboards.performance",
    "pk": 7,
    "fields": {
        "created_by": null,
        "created_on": "2022-08-28T08:25:17.415Z",
        "created_on_tz": "Australia/Hobart",
        "last_edited_by": null,
        "last_edited_on": "2022-08-28T08:25:17.546Z",
        "last_edited_on_tz": "Australia/Hobart",
        "session": 2,
        "player": 3,
        "partial_play_weighting": 1.0,
        "score": null,
        "play_number": 1,
        "victory_count": 0,
        "trueskill_mu_before": 25.0,
        "trueskill_sigma_before": 8.333333333333334,
        "trueskill_eta_before": 0.0,
        "trueskill_mu_after": 22.598545306188456,
        "trueskill_sigma_after": 5.78716293484137,
        "trueskill_eta_after": 5.237056501664345,
        "trueskill_mu0": 25.0,
        "trueskill_sigma0": 8.333333333333334,
        "trueskill_delta": 0.0001,
        "trueskill_beta": 4.166666666666667,
        "trueskill_tau": 0.08333333333333334,
        "trueskill_p": 0.1
    }
},
{
    "model": "Leaderboards.performance",
    "pk": 8,
    "fields": {
        "created_by": null,
        "created_on": "2022-08-28T08:25:17.419Z",
        "created_on_tz": "Australia/Hobart",
        "last_edited_by": null,
        "last_edited_on": "2022-08-28T08:25:17.556Z",
        "last_edited_on_tz": "Australia/Hobart",
        "session": 2,
        "player": 4,
        "partial_play_weighting": 1.0,
        "score": null,
        "play_number": 1,
        "victory_count": 0,
        "trueskill_mu_before": 25.0,
        "trueskill_sigma_before": 8.333333333333334,
        "trueskill_eta_before": 0.0,
        "trueskill_mu_after": 16.7933190343615,
        "trueskill_sigma_after": 6.348109169814532,
        "trueskill_eta_after": -2.2510084750820987,
        "trueskill_mu0": 25.0,
        "trueskill_sigma0": 8.333333333333334,
        "trueskill_delta": 0.0001,
        "trueskill_beta": 4.166666666666667,
        "trueskill_tau": 0.08333333333333334,
        "trueskill_p": 0.1
    }
},
{
    "model": "Leaderboards.performance",
    "pk": 9,
    "fields": {
        "created_by": null,
        "created_on": "2022-08-28T08:25:17.649Z",
        "created_on_tz": "Australia/Hobart",
        "last_edited_by": null,
        "last_edited_on": "2022-08-28T08:25:17.803Z",
        "last_edited_on_tz": "Australia/Hobart",
        "session": 3,
        "player": 1,
        "partial_play_weighting": 1.0,
        "score": null,
        "play_number": 1,
        "victory_count": 1,
        "trueskill_mu_before": 25.0,
        "trueskill_sigma_before": 8.333333333333334,
        "trueskill_eta_before": 0.0,
        "trueskill_mu_after": 33.20668096563102,
        "trueskill_sigma_after": 6.348109169807742,
        "trueskill_eta_after": 14.162353456207796,
        "trueskill_mu0": 25.0,
        "trueskill_sigma0": 8.333333333333334,
        "trueskill_delta": 0.0001,
        "trueskill_beta": 4.166666666666667,
        "trueskill_tau": 0.08333333333333334,
        "trueskill_p": 0.1
    }
},
{
    "model": "Leaderboards.performance",
    "pk": 10,
    "fields": {
        "created_by": null,
        "created_on": "2022-08-28T08:25:17.654Z",
        "created_on_tz": "Australia/Hobart",
        "last_edited_by": null,
        "last_edited_on": "2022-08-28T08:25:17.816Z",
        "last_edited_on_tz": "Australia/Hobart",
        "session": 3,
        "player": 2,
        "partial_play_weighting": 1.0,
        "score": null,
        "play_number": 1,
        "victory_count": 0,
        "trueskill_mu_before": 25.0,
        "trueskill_sigma_before": 8.333333333333334,
        "trueskill_eta_before": 0.0,
        "trueskill_mu_after": 27.40145469384325,
        "trueskill_sigma_after": 5.7871629348447815,
        "trueskill_eta_after": 10.039965889308903,
        "trueskill_mu0": 25.0,
        "trueskill_sigma0": 8.333333333333334,
        "trueskill_delta": 0.0001,
        "trueskill_beta": 4.166666666666667,
        "trueskill_tau": 0.08333333333333334,
        "trueskill_p": 0.1
    }
},
{
    "model": "Leaderboards.performance",
    "pk": 11,
    "fields": {
        "created_by": null,
        "created_on": "2022-08-28T08:25:17.659Z",
        "created_on_tz": "Australia/Hobart",
        "last_edited_by": null,
        "last_edited_on": "2022-08-28T08:25:17.830Z",
        "last_edited_on_tz": "Australia/Hobart",
        "session": 3,
        "player": 3,
        "partial_play_weighting": 1.0,
        "score": null,
        "play_number": 1,
        "victory_count": 0,
        "trueskill_mu_before": 25.0,
        "trueskill_sigma_before": 8.333333333333334,
        "trueskill_eta_before": 0.0,
        "trueskill_mu_after": 22.598545306188456,
        "trueskill_sigma_after": 5.78716293484137,
        "trueskill_eta_after": 5.237056501664345,
        "trueskill_mu0": 25.0,
        "trueskill_sigma0": 8.333333333333334,
        "trueskill_delta": 0.0001,
        "trueskill_beta": 4.166666666666667,
        "trueskill_tau": 0.08333333333333334,
        "trueskill_p": 0.1
    }
},
{
    "model": "Leaderboards.performance",
    "pk": 12,
    "fields": {
        "created_by": null,
        "created_on": "2022-08-28T08:25:17.664Z",
        "created_on_tz": "Australia/Hobart",
        "last_edited_by": null,
        "last_edited_on": "2022-08-28T08:25:17.844Z",
        "last_edited_on_tz": "Australia/Hobart",
        "session": 3,
        "player": 4,
        "partial_play_weighting": 1.0,
        "score": null,
        "play_number": 1,
        "victory_count": 0,
        "trueskill_mu_before": 25.0,
        "trueskill_sigma_before": 8.333333333333334,
        "trueskill_eta_before": 0.0,
        "trueskill_mu_after": 16.7933190343615,
        "trueskill_sigma_after": 6.348109169814532,
        "trueskill_eta_after": -2.2510084750820987,
        "trueskill_mu0": 25.0,
        "trueskill_sigma0": 8.333333333333334,
        "trueskill_delta": 0.0001,
        "trueskill_beta": 4.166666666666667,
        "trueskill_tau": 0.08333333333333334,
        "trueskill_p": 0.1
    }
},
{
    "model": "Leaderboards.performance",
    "pk": 13,
    "fields": {
        "created_by": null,
        "created_on": "2022-08-28T08:25:17.975Z",
        "created_on_tz": "Australia/Hobart",
        "last_edited_by": null,
        "last_edited_on": "2022-08-28T08:25:18.148Z",
        "last_edited_on_tz": "Australia/Hobart",
        "session": 4,
        "player": 1,
        "partial_play_weighting": 1.0,
        "score": null,
        "play_number": 1,
        "victory_count": 1,
        "trueskill_mu_before": 25.0,
        "trueskill_sigma_before": 8.333333333333334,
        "trueskill_eta_before": 0.0,
        "trueskill_mu_after": 28.108322630298364,
        "trueskill_sigma_after": 7.7743633497703355,
        "trueskill_eta_after": 4.785232580987358,
        "trueskill_mu0": 25.0,
        "trueskill_sigma0": 8.333333333333334,
        "trueskill_delta": 0.0001,
        "trueskill_beta": 4.166666666666667,
        "trueskill_tau": 0.08333333333333334,
        "trueskill_p": 0.1
    }
},
{
    "model": "Leaderboards.performance",
    "pk": 14,
    "fields": {
        "created_by": null,
        "created_on": "2022-08-28T08:25:17.980Z",
        "created_on_tz": "Australia/Hobart",
        "last_edited_by": null,
        "last_edited_on": "2022-08-28T08:25:18.163Z",
        "last_edited_on_tz": "Australia/Hobart",
        "session": 4,
        "player": 2,
        "partial_play_weighting": 1.0,
        "score": null,
        "play_number": 1,
        "victory_count": 1,
        "trueskill_mu_before": 25.0,
        "trueskill_sigma_before": 8.333333333333334,
        "trueskill_eta_before": 0.0,
        "trueskill_mu_after": 28.108322630298364,
        "trueskill_sigma_after": 7.7743633497703355,
        "trueskill_eta_after": 4.785232580987358,
        "trueskill_mu0": 25.0,
        "trueskill_sigma0": 8.333333333333334,
        "trueskill_delta": 0.0001,
        "trueskill_beta": 4.166666666666667,
        "trueskill_tau": 0.08333333333333334,
        "trueskill_p": 0.1
    }
},
{
    "model": "Leaderboards.performance",
    "pk": 15,
    "fields": {
        "created_by": null,
        "created_on": "2022-08-28T08:25:18.032Z",
        "created_on_tz": "Australia/Hobart",
        "last_edited_by": null,
        "last_edited_on": "2022-08-28T08:25:18.174Z",
        "last_edited_on_tz": "Australia/Hobart",
        "session": 4,
        "player": 3,
        "partial_play_weighting": 1.0,
        "score": null,
        "play_number": 1,
        "victory_count": 0,
        "trueskill_mu_before": 25.0,
        "trueskill_sigma_before": 8.333333333333334,
        "trueskill_eta_before": 0.0,
        "trueskill_mu_after": 21.891677369701625,
        "trueskill_sigma_after": 7.7743633497703355,
        "trueskill_eta_after": -1.4314126796093802,
        "trueskill_mu0": 25.0,
        "trueskill_sigma0": 8.333333333333334,
        "trueskill_delta": 0.0001,
        "trueskill_beta": 4.166666666666667,
        "trueskill_tau": 0.08333333333333334,
        "trueskill_p": 0.1
    }
},
{
    "model": "Leaderboards.performance",
    "pk": 16,
    "fields": {
        "created_by": null,
        "created_on": "2022-08-28T08:25:18.035Z",
        "created_on_tz": "Australia/Hobart",
        "last_edited_by": null,
        "last_edited_on": "2022-08-28T08:25:18.185Z",
        "last_edited_on_tz": "Australia/Hobart",
        "session": 4,
        "player": 4,
        "partial_play_weighting": 1.0,
        "score": null,
        "play_number": 1,
        "victory_count": 0,
        "trueskill_mu_before": 25.0,
        "trueskill_sigma_before": 8.333333333333334,
        "trueskill_eta_before": 0.0,
        "trueskill_mu_after": 21.891677369701625,
        "trueskill_sigma_after": 7.7743633497703355,
        "trueskill_eta_after": -1.4314126796093802,
        "trueskill_mu0": 25.0,
        "trueskill_sigma0": 8.333333333333334,
        "trueskill_delta": 0.0001,
        "trueskill_beta": 4.166666666666667,
        "trueskill_tau": 0.08333333333333334,
        "trueskill_p": 0.1
    }
},
{
    "model": "Leaderboards.performance",
    "pk": 17,
    "fields": {
        "created_by": null,
        "created_on": "2022-08-28T08:25:18.289Z",
        "created_on_tz": "Australia/Hobart",
        "last_edited_by": null,
        "last_edited_on": "2022-08-28T08:25:18.459Z",
        "last_edited_on_tz": "Australia/Hobart",
        "session": 5,
        "player": 1,
        "partial_play_weighting": 1.0,
        "score": null,
        "play_number": 1,
        "victory_count": 1,
        "trueskill_mu_before": 25.0,
        "trueskill_sigma_before": 8.333333333333334,
        "trueskill_eta_before": 0.0,
        "trueskill_mu_after": 28.108322630298364,
        "trueskill_sigma_after": 7.7743633497703355,
        "trueskill_eta_after": 4.785232580987358,
        "trueskill_mu0": 25.0,
        "trueskill_sigma0": 8.333333333333334,
        "trueskill_delta": 0.0001,
        "trueskill_beta": 4.166666666666667,
        "trueskill_tau": 0.08333333333333334,
        "trueskill_p": 0.1
    }
},
{
    "model": "Leaderboards.performance",
    "pk": 18,
    "fields": {
        "created_by": null,
        "created_on": "2022-08-28T08:25:18.291Z",
        "created_on_tz": "Australia/Hobart",
        "last_edited_by": null,
        "last_edited_on": "2022-08-28T08:25:18.470Z",
        "last_edited_on_tz": "Australia/Hobart",
        "session": 5,
        "player": 2,
        "partial_play_weighting": 1.0,
        "score": null,
        "play_number": 1,
        "victory_count": 1,
        "trueskill_mu_before": 25.0,
        "trueskill_sigma_before": 8.333333333333334,
        "trueskill_eta_before": 0.0,
        "trueskill_mu_after": 28.108322630298364,
        "trueskill_sigma_after": 7.7743633497703355,
        "trueskill_eta_after": 4.785232580987358,
        "trueskill_mu0": 25.0,
        "trueskill_sigma0": 8.333333333333334,
        "trueskill_delta": 0.0001,
        "trueskill_beta": 4.166666666666667,
        "trueskill_tau": 0.08333333333333334,
        "trueskill_p": 0.1
    }
},
{
    "model": "Leaderboards.performance",
    "pk": 19,
    "fields": {
        "created_by": null,
        "created_on": "2022-08-28T08:25:18.328Z",
        "created_on_tz": "Australia/Hobart",
        "last_edited_by": null,
        "last_edited_on": "2022-08-28T08:25:18.481Z",
        "last_edited_on_tz": "Australia/Hobart",
        "session": 5,
        "player": 3,
        "partial_play_weighting": 1.0,
        "score": null,
        "play_number": 1,
        "victory_count": 0,
        "trueskill_mu_before": 25.0,
        "trueskill_sigma_before": 8.333333333333334,
        "trueskill_eta_before": 0.0,
        "trueskill_mu_after": 21.891677369701625,
        "trueskill_sigma_after": 7.7743633497703355,
        "trueskill_eta_after": -1.4314126796093802,
        "trueskill_mu0": 25.0,
        "trueskill_sigma0": 8.333333333333334,
        "trueskill_delta": 0.0001,
        "trueskill_beta": 4.166666666666667,
        "trueskill_tau": 0.08333333333333334,
        "trueskill_p": 0.1
    }
},
{
    "model": "Leaderboards.performance",
    "pk": 20,
    "fields": {
        "created_by": null,
        "created_on": "2022-08-28T08:25:18.332Z",
        "created_on_tz": "Australia/Hobart",
        "last_edited_by": null,
        "last_edited_on": "2022-08-28T08:25:18.491Z",
        "last_edited_on_tz": "Australia/Hobart",
        "session": 5,
        "player": 4,
        "partial_play_weighting": 1.0,
        "score": null,
        "play_number": 1,
        "victory_count": 0,
        "trueskill_mu_before": 25.0,
        "trueskill_sigma_before": 8.333333333333334,
        "trueskill_eta_before": 0.0,
        "trueskill_mu_after": 21.891677369701625,
        "trueskill_sigma_after": 7.7743633497703355,
        "trueskill_eta_after": -1.4314126796093802,
        "trueskill_mu0": 25.0,
        "trueskill_sigma0": 8.333333333333334,
        "trueskill_delta": 0.0001,
        "trueskill_beta": 4.166666666666667,
        "trueskill_tau": 0.08333333333333334,
        "trueskill_p": 0.1
    }
},
{
    "model": "Leaderboards.performance",
    "pk": 21,
    "fields": {
        "created_by": null,
        "created_on": "2022-08-28T08:25:18.610Z",
        "created_on_tz": "Australia/Hobart",
        "last_edited_by": null,
        "last_edited_on": "2022-08-28T08:25:18.814Z",
        "last_edited_on_tz": "Australia/Hobart",
        "session": 6,
        "player": 1,
        "partial_play_weighting": 1.0,
        "score": null,
        "play_number": 2,
        "victory_count": 2,
        "trueskill_mu_before": 28.108322630298364,
        "trueskill_sigma_before": 7.7743633497703355,
        "trueskill_eta_before": 4.785232580987358,
        "trueskill_mu_after": 29.922665642400915,
        "trueskill_sigma_after": 7.4859707074353015,
        "trueskill_eta_after": 7.464753520095009,
        "trueskill_mu0": 25.0,
        "trueskill_sigma0": 8.333333333333334,
        "trueskill_delta": 0.0001,
        "trueskill_beta": 4.166666666666667,
        "trueskill_tau": 0.08333333333333334,
        "trueskill_p": 0.1
    }
},
{
    "model": "Leaderboards.performance",
    "pk": 22,
    "fields": {
        "created_by": null,
        "created_on": "2022-08-28T08:25:18.612Z",
        "created_on_tz": "Australia/Hobart",
        "last_edited_by": null,
        "last_edited_on": "2022-08-28T08:25:18.825Z",
        "last_edited_on_tz": "Australia/Hobart",
        "session": 6,
        "player": 2,
        "partial_play_weighting": 1.0,
        "score": null,
        "play_number": 2,
        "victory_count": 2,
        "trueskill_mu_before": 28.108322630298364,
        "trueskill_sigma_before": 7.7743633497703355,
        "trueskill_eta_before": 4.785232580987358,
        "trueskill_mu_after": 29.922665642400915,
        "trueskill_sigma_after": 7.4859707074353015,
        "trueskill_eta_after": 7.464753520095009,
        "trueskill_mu0": 25.0,
        "trueskill_sigma0": 8.333333333333334,
        "trueskill_delta": 0.0001,
        "trueskill_beta": 4.166666666666667,
        "trueskill_tau": 0.08333333333333334,
        "trueskill_p": 0.1
    }
},
{
    "model": "Leaderboards.performance",
    "pk": 23,
    "fields": {
        "created_by": null,
        "created_on": "2022-08-28T08:25:18.614Z",
        "created_on_tz": "Australia/Hobart",
        "last_edited_by": null,
        "last_edited_on": "2022-08-28T08:25:18.835Z",
        "last_edited_on_tz": "Australia/Hobart",
        "session": 6,
        "player": 3,
        "partial_play_weighting": 1.0,
        "score": null,
        "play_number": 2,
        "victory_count": 1,
        "trueskill_mu_before": 21.891677369701625,
        "trueskill_sigma_before": 7.7743633497703355,
        "trueskill_eta_before": -1.4314126796093802,
        "trueskill_mu_after": 23.706020381804176,
        "trueskill_sigma_after": 7.4859707074353015,
        "trueskill_eta_after": 1.2481082594982702,
        "trueskill_mu0": 25.0,
        "trueskill_sigma0": 8.333333333333334,
        "trueskill_delta": 0.0001,
        "trueskill_beta": 4.166666666666667,
        "trueskill_tau": 0.08333333333333334,
        "trueskill_p": 0.1
    }
},
{
    "model": "Leaderboards.performance",
    "pk": 24,
    "fields": {
        "created_by": null,
        "created_on": "2022-08-28T08:25:18.650Z",
        "created_on_tz": "Australia/Hobart",
        "last_edited_by": null,
        "last_edited_on": "2022-08-28T08:25:18.846Z",
        "last_edited_on_tz": "Australia/Hobart",
        "session": 6,
        "player": 4,
        "partial_play_weighting": 1.0,
        "score": null,
        "play_number": 2,
        "victory_count": 0,
        "trueskill_mu_before": 21.891677369701625,
        "trueskill_sigma_before": 7.7743633497703355,
        "trueskill_eta_before": -1.4314126796093802,
        "trueskill_mu_after": 20.07733435759908,
        "trueskill_sigma_after": 7.4859707074353015,
        "trueskill_eta_after": -2.3805777647068247,
        "trueskill_mu0": 25.0,
        "trueskill_sigma0": 8.333333333333334,
        "trueskill_delta": 0.0001,
        "trueskill_beta": 4.166666666666667,
        "trueskill_tau": 0.08333333333333334,
        "trueskill_p": 0.1
    }
},
{
    "model": "Leaderboards.performance",
    "pk": 25,
    "fields": {
        "created_by": null,
        "created_on": "2022-08-28T08:25:18.652Z",
        "created_on_tz": "Australia/Hobart",
        "last_edited_by": null,
        "last_edited_on": "2022-08-28T08:25:18.859Z",
        "last_edited_on_tz": "Australia/Hobart",
        "session": 6,
        "player": 5,
        "partial_play_weighting": 1.0,
        "score": null,
        "play_number": 1,
        "victory_count": 0,
        "trueskill_mu_before": 25.0,
        "trueskill_sigma_before": 8.333333333333334,
        "trueskill_eta_before": 0.0,
        "trueskill_mu_after": 22.915409440278435,
        "trueskill_sigma_after": 7.9770018424911004,
        "trueskill_eta_after": -1.0155960871948686,
        "trueskill_mu0": 25.0,
        "trueskill_sigma0": 8.333333333333334,
        "trueskill_delta": 0.0001,
        "trueskill_beta": 4.166666666666667,
        "trueskill_tau": 0.08333333333333334,
        "trueskill_p": 0.1
    }
},
{
    "model": "Leaderboards.performance",
    "pk": 26,
    "fields": {
        "created_by": null,
        "created_on": "2022-08-28T08:25:18.654Z",
        "created_on_tz": "Australia/Hobart",
        "last_edited_by": null,
        "last_edited_on": "2022-08-28T08:25:18.872Z",
        "last_edited_on_tz": "Australia/Hobart",
        "session": 6,
        "player": 6,
        "partial_play_weighting": 1.0,
        "score": null,
        "play_number": 1,
        "victory_count": 0,
        "trueskill_mu_before": 25.0,
        "trueskill_sigma_before": 8.333333333333334,
        "trueskill_eta_before": 0.0,
        "trueskill_mu_after": 22.915409440278435,
        "trueskill_sigma_after": 7.9770018424911004,
        "trueskill_eta_after": -1.0155960871948686,
        "trueskill_mu0": 25.0,
        "trueskill_sigma0": 8.333333333333334,
        "trueskill_delta": 0.0001,
        "trueskill_beta": 4.166666666666667,
        "trueskill_tau": 0.08333333333333334,
        "trueskill_p": 0.1
    }
},
{
    "model": "Leaderboards.performance",
    "pk": 27,
    "fields": {
        "created_by": null,
        "created_on": "2022-08-28T08:25:18.996Z",
        "created_on_tz": "Australia/Hobart",
        "last_edited_by": null,
        "last_edited_on": "2022-08-28T08:25:19.107Z",
        "last_edited_on_tz": "Australia/Hobart",
        "session": 7,
        "player": 1,
        "partial_play_weighting": 1.0,
        "score": null,
        "play_number": 1,
        "victory_count": 1,
        "trueskill_mu_before": 25.0,
        "trueskill_sigma_before": 8.333333333333334,
        "trueskill_eta_before": 0.0,
        "trueskill_mu_after": 33.20668096563102,
        "trueskill_sigma_after": 6.348109169807742,
        "trueskill_eta_after": 14.162353456207796,
        "trueskill_mu0": 25.0,
        "trueskill_sigma0": 8.333333333333334,
        "trueskill_delta": 0.0001,
        "trueskill_beta": 4.166666666666667,
        "trueskill_tau": 0.08333333333333334,
        "trueskill_p": 0.1
    }
},
{
    "model": "Leaderboards.performance",
    "pk": 28,
    "fields": {
        "created_by": null,
        "created_on": "2022-08-28T08:25:19.000Z",
        "created_on_tz": "Australia/Hobart",
        "last_edited_by": null,
        "last_edited_on": "2022-08-28T08:25:19.120Z",
        "last_edited_on_tz": "Australia/Hobart",
        "session": 7,
        "player": 2,
        "partial_play_weighting": 1.0,
        "score": null,
        "play_number": 1,
        "victory_count": 0,
        "trueskill_mu_before": 25.0,
        "trueskill_sigma_before": 8.333333333333334,
        "trueskill_eta_before": 0.0,
        "trueskill_mu_after": 27.40145469384325,
        "trueskill_sigma_after": 5.7871629348447815,
        "trueskill_eta_after": 10.039965889308903,
        "trueskill_mu0": 25.0,
        "trueskill_sigma0": 8.333333333333334,
        "trueskill_delta": 0.0001,
        "trueskill_beta": 4.166666666666667,
        "trueskill_tau": 0.08333333333333334,
        "trueskill_p": 0.1
    }
},
{
    "model": "Leaderboards.performance",
    "pk": 29,
    "fields": {
        "created_by": null,
        "created_on": "2022-08-28T08:25:19.003Z",
        "created_on_tz": "Australia/Hobart",
        "last_edited_by": null,
        "last_edited_on": "2022-08-28T08:25:19.132Z",
        "last_edited_on_tz": "Australia/Hobart",
        "session": 7,
        "player": 3,
        "partial_play_weighting": 1.0,
        "score": null,
        "play_number": 1,
        "victory_count": 0,
        "trueskill_mu_before": 25.0,
        "trueskill_sigma_before": 8.333333333333334,
        "trueskill_eta_before": 0.0,
        "trueskill_mu_after": 22.598545306188456,
        "trueskill_sigma_after": 5.78716293484137,
        "trueskill_eta_after": 5.237056501664345,
        "trueskill_mu0": 25.0,
        "trueskill_sigma0": 8.333333333333334,
        "trueskill_delta": 0.0001,
        "trueskill_beta": 4.166666666666667,
        "trueskill_tau": 0.08333333333333334,
        "trueskill_p": 0.1
    }
},
{
    "model": "Leaderboards.performance",
    "pk": 30,
    "fields": {
        "created_by": null,
        "created_on": "2022-08-28T08:25:19.007Z",
        "created_on_tz": "Australia/Hobart",
        "last_edited_by": null,
        "last_edited_on": "2022-08-28T08:25:19.143Z",
        "last_edited_on_tz": "Australia/Hobart",
        "session": 7,
        "player": 4,
        "partial_play_weighting": 1.0,
        "score": null,
        "play_number": 1,
        "victory_count": 0,
        "trueskill_mu_before": 25.0,
        "trueskill_sigma_before": 8.333333333333334,
        "trueskill_eta_before": 0.0,
        "trueskill_mu_after": 16.7933190343615,
        "trueskill_sigma_after": 6.348109169814532,
        "trueskill_eta_after": -2.2510084750820987,
        "trueskill_mu0": 25.0,
        "trueskill_sigma0": 8.333333333333334,
        "trueskill_delta": 0.0001,
        "trueskill_beta": 4.166666666666667,
        "trueskill_tau": 0.08333333333333334,
        "trueskill_p": 0.1
    }
},
{
    "model": "Leaderboards.performance",
    "pk": 31,
    "fields": {
        "created_by": null,
        "created_on": "2022-08-28T08:25:19.289Z",
        "created_on_tz": "Australia/Hobart",
        "last_edited_by": null,
        "last_edited_on": "2022-08-28T08:25:19.491Z",
        "last_edited_on_tz": "Australia/Hobart",
        "session": 8,
        "player": 1,
        "partial_play_weighting": 1.0,
        "score": null,
        "play_number": 1,
        "victory_count": 1,
        "trueskill_mu_before": 25.0,
        "trueskill_sigma_before": 8.333333333333334,
        "trueskill_eta_before": 0.0,
        "trueskill_mu_after": 28.108322630298364,
        "trueskill_sigma_after": 7.7743633497703355,
        "trueskill_eta_after": 4.785232580987358,
        "trueskill_mu0": 25.0,
        "trueskill_sigma0": 8.333333333333334,
        "trueskill_delta": 0.0001,
        "trueskill_beta": 4.166666666666667,
        "trueskill_tau": 0.08333333333333334,
        "trueskill_p": 0.1
    }
},
{
    "model": "Leaderboards.performance",
    "pk": 32,
    "fields": {
        "created_by": null,
        "created_on": "2022-08-28T08:25:19.292Z",
        "created_on_tz": "Australia/Hobart",
        "last_edited_by": null,
        "last_edited_on": "2022-08-28T08:25:19.519Z",
        "last_edited_on_tz": "Australia/Hobart",
        "session": 8,
        "player": 2,
        "partial_play_weighting": 1.0,
        "score": null,
        "play_number": 1,
        "victory_count": 1,
        "trueskill_mu_before": 25.0,
        "trueskill_sigma_before": 8.333333333333334,
        "trueskill_eta_before": 0.0,
        "trueskill_mu_after": 28.108322630298364,
        "trueskill_sigma_after": 7.7743633497703355,
        "trueskill_eta_after": 4.785232580987358,
        "trueskill_mu0": 25.0,
        "trueskill_sigma0": 8.333333333333334,
        "trueskill_delta": 0.0001,
        "trueskill_beta": 4.166666666666667,
        "trueskill_tau": 0.08333333333333334,
        "trueskill_p": 0.1
    }
},
{
    "model": "Leaderboards.performance",
    "pk": 33,
    "fields": {
        "created_by": null,
        "created_on": "2022-08-28T08:25:19.347Z",
        "created_on_tz": "Australia/Hobart",
        "last_edited_by": null,
        "last_edited_on": "2022-08-28T08:25:19.539Z",
        "last_edited_on_tz": "Australia/Hobart",
        "session": 8,
        "player": 3,
        "partial_play_weighting": 1.0,
        "score": null,
        "play_number": 1,
        "victory_count": 0,
        "trueskill_mu_before": 25.0,
        "trueskill_sigma_before": 8.333333333333334,
        "trueskill_eta_before": 0.0,
        "trueskill_mu_after": 21.891677369701625,
        "trueskill_sigma_after": 7.7743633497703355,
        "trueskill_eta_after": -1.4314126796093802,
        "trueskill_mu0": 25.0,
        "trueskill_sigma0": 8.333333333333334,
        "trueskill_delta": 0.0001,
        "trueskill_beta": 4.166666666666667,
        "trueskill_tau": 0.08333333333333334,
        "trueskill_p": 0.1
    }
},
{
    "model": "Leaderboards.performance",
    "pk": 34,
    "fields": {
        "created_by": null,
        "created_on": "2022-08-28T08:25:19.350Z",
        "created_on_tz": "Australia/Hobart",
        "last_edited_by": null,
        "last_edited_on": "2022-08-28T08:25:19.557Z",
        "last_edited_on_tz": "Australia/Hobart",
        "session": 8,
        "player": 4,
        "partial_play_weighting": 1.0,
        "score": null,
        "play_number": 1,
        "victory_count": 0,
        "trueskill_mu_before": 25.0,
        "trueskill_sigma_before": 8.333333333333334,
        "trueskill_eta_before": 0.0,
        "trueskill_mu_after": 21.891677369701625,
        "trueskill_sigma_after": 7.7743633497703355,
        "trueskill_eta_after": -1.4314126796093802,
        "trueskill_mu0": 25.0,
        "trueskill_sigma0": 8.333333333333334,
        "trueskill_delta": 0.0001,
        "trueskill_beta": 4.166666666666667,
        "trueskill_tau": 0.08333333333333334,
        "trueskill_p": 0.1
    }
},
{
    "model": "Leaderboards.performance",
    "pk": 35,
    "fields": {
        "created_by": null,
        "created_on": "2022-08-28T08:25:19.646Z",
        "created_on_tz": "Australia/Hobart",
        "last_edited_by": null,
        "last_edited_on": "2022-08-28T08:25:19.808Z",
        "last_edited_on_tz": "Australia/Hobart",
        "session": 9,
        "player": 1,
        "partial_play_weighting": 1.0,
        "score": null,
        "play_number": 2,
        "victory_count": 1,
        "trueskill_mu_before": 33.20668096563102,
        "trueskill_sigma_before": 6.348109169807742,
        "trueskill_eta_before": 14.162353456207796,
        "trueskill_mu_after": 23.268260365824062,
        "trueskill_sigma_after": 4.725067158746204,
        "trueskill_eta_after": 9.09305888958545,
        "trueskill_mu0": 25.0,
        "trueskill_sigma0": 8.333333333333334,
        "trueskill_delta": 0.0001,
        "trueskill_beta": 4.166666666666667,
        "trueskill_tau": 0.08333333333333334,
        "trueskill_p": 0.1
    }
},
{
    "model": "Leaderboards.performance",
    "pk": 36,
    "fields": {
        "created_by": null,
        "created_on": "2022-08-28T08:25:19.649Z",
        "created_on_tz": "Australia/Hobart",
        "last_edited_by": null,
        "last_edited_on": "2022-08-28T08:25:19.797Z",
        "last_edited_on_tz": "Australia/Hobart",
        "session": 9,
        "player": 2,
        "partial_play_weighting": 1.0,
        "score": null,
        "play_number": 2,
        "victory_count": 0,
        "trueskill_mu_before": 27.40145469384325,
        "trueskill_sigma_before": 5.7871629348447815,
        "trueskill_eta_before": 10.039965889308903,
        "trueskill_mu_after": 24.677565267903038,
        "trueskill_sigma_after": 4.297020895366501,
        "trueskill_eta_after": 11.786502581803536,
        "trueskill_mu0": 25.0,
        "trueskill_sigma0": 8.333333333333334,
        "trueskill_delta": 0.0001,
        "trueskill_beta": 4.166666666666667,
        "trueskill_tau": 0.08333333333333334,
        "trueskill_p": 0.1
    }
},
{
    "model": "Leaderboards.performance",
    "pk": 37,
    "fields": {
        "created_by": null,
        "created_on": "2022-08-28T08:25:19.652Z",
        "created_on_tz": "Australia/Hobart",
        "last_edited_by": null,
        "last_edited_on": "2022-08-28T08:25:19.787Z",
        "last_edited_on_tz": "Australia/Hobart",
        "session": 9,
        "player": 3,
        "partial_play_weighting": 1.0,
        "score": null,
        "play_number": 2,
        "victory_count": 0,
        "trueskill_mu_before": 22.598545306188456,
        "trueskill_sigma_before": 5.78716293484137,
        "trueskill_eta_before": 5.237056501664345,
        "trueskill_mu_after": 25.322434732034807,
        "trueskill_sigma_after": 4.297020895355867,
        "trueskill_eta_after": 12.431372045967208,
        "trueskill_mu0": 25.0,
        "trueskill_sigma0": 8.333333333333334,
        "trueskill_delta": 0.0001,
        "trueskill_beta": 4.166666666666667,
        "trueskill_tau": 0.08333333333333334,
        "trueskill_p": 0.1
    }
},
{
    "model": "Leaderboards.performance",
    "pk": 38,
    "fields": {
        "created_by": null,
        "created_on": "2022-08-28T08:25:19.656Z",
        "created_on_tz": "Australia/Hobart",
        "last_edited_by": null,
        "last_edited_on": "2022-08-28T08:25:19.775Z",
        "last_edited_on_tz": "Australia/Hobart",
        "session": 9,
        "player": 4,
        "partial_play_weighting": 1.0,
        "score": null,
        "play_number": 2,
        "victory_count": 1,
        "trueskill_mu_before": 16.7933190343615,
        "trueskill_sigma_before": 6.348109169814532,
        "trueskill_eta_before": -2.2510084750820987,
        "trueskill_mu_after": 26.731739634216925,
        "trueskill_sigma_after": 4.72506715877634,
        "trueskill_eta_after": 12.556538157887907,
        "trueskill_mu0": 25.0,
        "trueskill_sigma0": 8.333333333333334,
        "trueskill_delta": 0.0001,
        "trueskill_beta": 4.166666666666667,
        "trueskill_tau": 0.08333333333333334,
        "trueskill_p": 0.1
    }
},
{
    "model": "Leaderboards.performance",
    "pk": 39,
    "fields": {
        "created_by": null,
        "created_on": "2022-08-28T08:25:19.898Z",
        "created_on_tz": "Australia/Hobart",
        "last_edited_by": null,
        "last_edited_on": "2022-08-28T08:25:20.028Z",
        "last_edited_on_tz": "Australia/Hobart",
        "session": 10,
        "player": 3,
        "partial_play_weighting": 1.0,
        "score": null,
        "play_number": 3,
        "victory_count": 0,
        "trueskill_mu_before": 25.322434732034807,
        "trueskill_sigma_before": 4.297020895355867,
        "trueskill_eta_before": 12.431372045967208,
        "trueskill_mu_after": 26.744735242647437,
        "trueskill_sigma_after": 3.677407135902894,
        "trueskill_eta_after": 15.712513834938754,
        "trueskill_mu0": 25.0,
        "trueskill_sigma0": 8.333333333333334,
        "trueskill_delta": 0.0001,
        "trueskill_beta": 4.166666666666667,
        "trueskill_tau": 0.08333333333333334,
        "trueskill_p": 0.1
    }
},
{
    "model": "Leaderboards.performance",
    "pk": 40,
    "fields": {
        "created_by": null,
        "created_on": "2022-08-28T08:25:19.903Z",
        "created_on_tz": "Australia/Hobart",
        "last_edited_by": null,
        "last_edited_on": "2022-08-28T08:25:20.039Z",
        "last_edited_on_tz": "Australia/Hobart",
        "session": 10,
        "player": 4,
        "partial_play_weighting": 1.0,
        "score": null,
        "play_number": 3,
        "victory_count": 1,
        "trueskill_mu_before": 26.731739634216925,
        "trueskill_sigma_before": 4.72506715877634,
        "trueskill_eta_before": 12.556538157887907,
        "trueskill_mu_after": 24.775182186650582,
        "trueskill_sigma_after": 3.921965534369613,
        "trueskill_eta_after": 13.009285583541743,
        "trueskill_mu0": 25.0,
        "trueskill_sigma0": 8.333333333333334,
        "trueskill_delta": 0.0001,
        "trueskill_beta": 4.166666666666667,
        "trueskill_tau": 0.08333333333333334,
        "trueskill_p": 0.1
    }
},
{
    "model": "Leaderboards.performance",
    "pk": 41,
    "fields": {
        "created_by": null,
        "created_on": "2022-08-28T08:25:19.906Z",
        "created_on_tz": "Australia/Hobart",
        "last_edited_by": null,
        "last_edited_on": "2022-08-28T08:25:20.018Z",
        "last_edited_on_tz": "Australia/Hobart",
        "session": 10,
        "player": 5,
        "partial_play_weighting": 1.0,
        "score": null,
        "play_number": 1,
        "victory_count": 1,
        "trueskill_mu_before": 25.0,
        "trueskill_sigma_before": 8.333333333333334,
        "trueskill_eta_before": 0.0,
        "trueskill_mu_after": 33.14940164364609,
        "trueskill_sigma_after": 5.977473957344951,
        "trueskill_eta_after": 15.216979771611236,
        "trueskill_mu0": 25.0,
        "trueskill_sigma0": 8.333333333333334,
        "trueskill_delta": 0.0001,
        "trueskill_beta": 4.166666666666667,
        "trueskill_tau": 0.08333333333333334,
        "trueskill_p": 0.1
    }
},
{
    "model": "Leaderboards.performance",
    "pk": 42,
    "fields": {
        "created_by": null,
        "created_on": "2022-08-28T08:25:19.910Z",
        "created_on_tz": "Australia/Hobart",
        "last_edited_by": null,
        "last_edited_on": "2022-08-28T08:25:20.049Z",
        "last_edited_on_tz": "Australia/Hobart",
        "session": 10,
        "player": 6,
        "partial_play_weighting": 1.0,
        "score": null,
        "play_number": 1,
        "victory_count": 0,
        "trueskill_mu_before": 25.0,
        "trueskill_sigma_before": 8.333333333333334,
        "trueskill_eta_before": 0.0,
        "trueskill_mu_after": 17.587278327429107,
        "trueskill_sigma_after": 6.079060966557376,
        "trueskill_eta_after": -0.6499045722430203,
        "trueskill_mu0": 25.0,
        "trueskill_sigma0": 8.333333333333334,
        "trueskill_delta": 0.0001,
        "trueskill_beta": 4.166666666666667,
        "trueskill_tau": 0.08333333333333334,
        "trueskill_p": 0.1
    }
},
{
    "model": "Leaderboards.performance",
    "pk": 43,
    "fields": {
        "created_by": null,
        "created_on": "2022-08-28T08:25:20.129Z",
        "created_on_tz": "Australia/Hobart",
        "last_edited_by": null,
        "last_edited_on": "2022-08-28T08:25:20.252Z",
        "last_edited_on_tz": "Australia/Hobart",
        "session": 11,
        "player": 1,
        "partial_play_weighting": 1.0,
        "score": null,
        "play_number": 3,
        "victory_count": 2,
        "trueskill_mu_before": 23.268260365824062,
        "trueskill_sigma_before": 4.725067158746204,
        "trueskill_eta_before": 9.09305888958545,
        "trueskill_mu_after": 27.46266265758546,
        "trueskill_sigma_after": 3.9542525895812846,
        "trueskill_eta_after": 15.599904888841607,
        "trueskill_mu0": 25.0,
        "trueskill_sigma0": 8.333333333333334,
        "trueskill_delta": 0.0001,
        "trueskill_beta": 4.166666666666667,
        "trueskill_tau": 0.08333333333333334,
        "trueskill_p": 0.1
    }
},
{
    "model": "Leaderboards.performance",
    "pk": 44,
    "fields": {
        "created_by": null,
        "created_on": "2022-08-28T08:25:20.132Z",
        "created_on_tz": "Australia/Hobart",
        "last_edited_by": null,
        "last_edited_on": "2022-08-28T08:25:20.274Z",
        "last_edited_on_tz": "Australia/Hobart",
        "session": 11,
        "player": 2,
        "partial_play_weighting": 1.0,
        "score": null,
        "play_number": 3,
        "victory_count": 0,
        "trueskill_mu_before": 24.677565267903038,
        "trueskill_sigma_before": 4.297020895366501,
        "trueskill_eta_before": 11.786502581803536,
        "trueskill_mu_after": 23.51821358442484,
        "trueskill_sigma_after": 3.5449223224789232,
        "trueskill_eta_after": 12.883446616988069,
        "trueskill_mu0": 25.0,
        "trueskill_sigma0": 8.333333333333334,
        "trueskill_delta": 0.0001,
        "trueskill_beta": 4.166666666666667,
        "trueskill_tau": 0.08333333333333334,
        "trueskill_p": 0.1
    }
},
{
    "model": "Leaderboards.performance",
    "pk": 45,
    "fields": {
        "created_by": null,
        "created_on": "2022-08-28T08:25:20.138Z",
        "created_on_tz": "Australia/Hobart",
        "last_edited_by": null,
        "last_edited_on": "2022-08-28T08:25:20.286Z",
        "last_edited_on_tz": "Australia/Hobart",
        "session": 11,
        "player": 5,
        "partial_play_weighting": 1.0,
        "score": null,
        "play_number": 2,
        "victory_count": 1,
        "trueskill_mu_before": 33.14940164364609,
        "trueskill_sigma_before": 5.977473957344951,
        "trueskill_eta_before": 15.216979771611236,
        "trueskill_mu_after": 23.285117744613856,
        "trueskill_sigma_after": 4.445239003801618,
        "trueskill_eta_after": 9.949400733209004,
        "trueskill_mu0": 25.0,
        "trueskill_sigma0": 8.333333333333334,
        "trueskill_delta": 0.0001,
        "trueskill_beta": 4.166666666666667,
        "trueskill_tau": 0.08333333333333334,
        "trueskill_p": 0.1
    }
},
{
    "model": "Leaderboards.performance",
    "pk": 46,
    "fields": {
        "created_by": null,
        "created_on": "2022-08-28T08:25:20.144Z",
        "created_on_tz": "Australia/Hobart",
        "last_edited_by": null,
        "last_edited_on": "2022-08-28T08:25:20.262Z",
        "last_edited_on_tz": "Australia/Hobart",
        "session": 11,
        "player": 6,
        "partial_play_weighting": 1.0,
        "score": null,
        "play_number": 2,
        "victory_count": 0,
        "trueskill_mu_before": 17.587278327429107,
        "trueskill_sigma_before": 6.079060966557376,
        "trueskill_eta_before": -0.6499045722430203,
        "trueskill_mu_after": 23.16771955582657,
        "trueskill_sigma_after": 4.2845572673122385,
        "trueskill_eta_after": 10.314047753889852,
        "trueskill_mu0": 25.0,
        "trueskill_sigma0": 8.333333333333334,
        "trueskill_delta": 0.0001,
        "trueskill_beta": 4.166666666666667,
        "trueskill_tau": 0.08333333333333334,
        "trueskill_p": 0.1
    }
},
{
    "model": "Leaderboards.performance",
    "pk": 47,
    "fields": {
        "created_by": null,
        "created_on": "2022-08-28T08:25:20.369Z",
        "created_on_tz": "Australia/Hobart",
        "last_edited_by": null,
        "last_edited_on": "2022-08-28T08:25:20.487Z",
        "last_edited_on_tz": "Australia/Hobart",
        "session": 12,
        "player": 1,
        "partial_play_weighting": 1.0,
        "score": null,
        "play_number": 4,
        "victory_count": 3,
        "trueskill_mu_before": 27.46266265758546,
        "trueskill_sigma_before": 3.9542525895812846,
        "trueskill_eta_before": 15.599904888841607,
        "trueskill_mu_after": 29.954702399842766,
        "trueskill_sigma_after": 3.462612472840191,
        "trueskill_eta_after": 19.566864981322194,
        "trueskill_mu0": 25.0,
        "trueskill_sigma0": 8.333333333333334,
        "trueskill_delta": 0.0001,
        "trueskill_beta": 4.166666666666667,
        "trueskill_tau": 0.08333333333333334,
        "trueskill_p": 0.1
    }
},
{
    "model": "Leaderboards.performance",
    "pk": 48,
    "fields": {
        "created_by": null,
        "created_on": "2022-08-28T08:25:20.372Z",
        "created_on_tz": "Australia/Hobart",
        "last_edited_by": null,
        "last_edited_on": "2022-08-28T08:25:20.497Z",
        "last_edited_on_tz": "Australia/Hobart",
        "session": 12,
        "player": 4,
        "partial_play_weighting": 1.0,
        "score": null,
        "play_number": 4,
        "victory_count": 1,
        "trueskill_mu_before": 24.775182186650582,
        "trueskill_sigma_before": 3.921965534369613,
        "trueskill_eta_before": 13.009285583541743,
        "trueskill_mu_after": 26.02391036640404,
        "trueskill_sigma_after": 3.2848425156533683,
        "trueskill_eta_after": 16.169382819443932,
        "trueskill_mu0": 25.0,
        "trueskill_sigma0": 8.333333333333334,
        "trueskill_delta": 0.0001,
        "trueskill_beta": 4.166666666666667,
        "trueskill_tau": 0.08333333333333334,
        "trueskill_p": 0.1
    }
},
{
    "model": "Leaderboards.performance",
    "pk": 49,
    "fields": {
        "created_by": null,
        "created_on": "2022-08-28T08:25:20.376Z",
        "created_on_tz": "Australia/Hobart",
        "last_edited_by": null,
        "last_edited_on": "2022-08-28T08:25:20.507Z",
        "last_edited_on_tz": "Australia/Hobart",
        "session": 12,
        "player": 5,
        "partial_play_weighting": 1.0,
        "score": null,
        "play_number": 3,
        "victory_count": 1,
        "trueskill_mu_before": 23.285117744613856,
        "trueskill_sigma_before": 4.445239003801618,
        "trueskill_eta_before": 9.949400733209004,
        "trueskill_mu_after": 23.329921579900496,
        "trueskill_sigma_after": 3.5490225319673327,
        "trueskill_eta_after": 12.682853983998498,
        "trueskill_mu0": 25.0,
        "trueskill_sigma0": 8.333333333333334,
        "trueskill_delta": 0.0001,
        "trueskill_beta": 4.166666666666667,
        "trueskill_tau": 0.08333333333333334,
        "trueskill_p": 0.1
    }
},
{
    "model": "Leaderboards.performance",
    "pk": 50,
    "fields": {
        "created_by": null,
        "created_on": "2022-08-28T08:25:20.379Z",
        "created_on_tz": "Australia/Hobart",
        "last_edited_by": null,
        "last_edited_on": "2022-08-28T08:25:20.517Z",
        "last_edited_on_tz": "Australia/Hobart",
        "session": 12,
        "player": 3,
        "partial_play_weighting": 1.0,
        "score": null,
        "play_number": 4,
        "victory_count": 0,
        "trueskill_mu_before": 26.744735242647437,
        "trueskill_sigma_before": 3.677407135902894,
        "trueskill_eta_before": 15.712513834938754,
        "trueskill_mu_after": 23.460688975286374,
        "trueskill_sigma_after": 3.2194390720922135,
        "trueskill_eta_after": 13.802371759009734,
        "trueskill_mu0": 25.0,
        "trueskill_sigma0": 8.333333333333334,
        "trueskill_delta": 0.0001,
        "trueskill_beta": 4.166666666666667,
        "trueskill_tau": 0.08333333333333334,
        "trueskill_p": 0.1
    }
},
{
    "model": "Leaderboards.session",
    "pk": 1,
    "fields": {
        "created_by": null,
        "created_on": "2022-08-28T08:25:17.134Z",
        "created_on_tz": "Australia/Hobart",
        "last_edited_by": null,
        "last_edited_on": "2022-08-28T08:25:17.134Z",
        "last_edited_on_tz": "Australia/Hobart",
        "game": 1,
        "date_time": "2021-12-31T14:00:00Z",
        "date_time_tz": "Australia/Hobart",
        "league": 1,
        "location": 1,
        "team_play": false
    }
},
{
    "model": "Leaderboards.session",
    "pk": 2,
    "fields": {
        "created_by": null,
        "created_on": "2022-08-28T08:25:17.402Z",
        "created_on_tz": "Australia/Hobart",
        "last_edited_by": null,
        "last_edited_on": "2022-08-28T08:25:17.402Z",
        "last_edited_on_tz": "Australia/Hobart",
        "game": 2,
        "date_time": "2021-12-31T15:00:00Z",
        "date_time_tz": "Australia/Hobart",
        "league": 1,
        "location": 1,
        "team_play": false
    }
},
{
    "model": "Leaderboards.session",
    "pk": 3,
    "fields": {
        "created_by": null,
        "created_on": "2022-08-28T08:25:17.645Z",
        "created_on_tz": "Australia/Hobart",
        "last_edited_by": null,
        "last_edited_on": "2022-08-28T08:25:17.645Z",
        "last_edited_on_tz": "Australia/Hobart",
        "game": 3,
        "date_time": "2021-12-31T16:00:00Z",
        "date_time_tz": "Australia/Hobart",
        "league": 1,
        "location": 1,
        "team_play": false
    }
},
{
    "model": "Leaderboards.session",
    "pk": 4,
    "fields": {
        "created_by": null,
        "created_on": "2022-08-28T08:25:17.941Z",
        "created_on_tz": "Australia/Hobart",
        "last_edited_by": null,
        "last_edited_on": "2022-08-28T08:25:17.941Z",
        "last_edited_on_tz": "Australia/Hobart",
        "game": 4,
        "date_time": "2021-12-31T17:00:00Z",
        "date_time_tz": "Australia/Hobart",
        "league": 1,
        "location": 1,
        "team_play": true
    }
},
{
    "model": "Leaderboards.session",
    "pk": 5,
    "fields": {
        "created_by": null,
        "created_on": "2022-08-28T08:25:18.265Z",
        "created_on_tz": "Australia/Hobart",
        "last_edited_by": null,
        "last_edited_on": "2022-08-28T08:25:18.265Z",
        "last_edited_on_tz": "Australia/Hobart",
        "game": 5,
        "date_time": "2021-12-31T18:00:00Z",
        "date_time_tz": "Australia/Hobart",
        "league": 1,
        "location": 1,
        "team_play": true
    }
},
{
    "model": "Leaderboards.session",
    "pk": 6,
    "fields": {
        "created_by": null,
        "created_on": "2022-08-28T08:25:18.572Z",
        "created_on_tz": "Australia/Hobart",
        "last_edited_by": null,
        "last_edited_on": "2022-08-28T08:25:18.572Z",
        "last_edited_on_tz": "Australia/Hobart",
        "game": 4,
        "date_time": "2021-12-31T19:00:00Z",
        "date_time_tz": "Australia/Hobart",
        "league": 1,
        "location": 1,
        "team_play": true
    }
},
{
    "model": "Leaderboards.session",
    "pk": 7,
    "fields": {
        "created_by": null,
        "created_on": "2022-08-28T08:25:18.994Z",
        "created_on_tz": "Australia/Hobart",
        "last_edited_by": null,
        "last_edited_on": "2022-08-28T08:25:18.994Z",
        "last_edited_on_tz": "Australia/Hobart",
        "game": 6,
        "date_time": "2021-12-31T20:00:00Z",
        "date_time_tz": "Australia/Hobart",
        "league": 1,
        "location": 1,
        "team_play": false
    }
},
{
    "model": "Leaderboards.session",
    "pk": 8,
    "fields": {
        "created_by": null,
        "created_on": "2022-08-28T08:25:19.250Z",
        "created_on_tz": "Australia/Hobart",
        "last_edited_by": null,
        "last_edited_on": "2022-08-28T08:25:19.250Z",
        "last_edited_on_tz": "Australia/Hobart",
        "game": 7,
        "date_time": "2021-12-31T21:00:00Z",
        "date_time_tz": "Australia/Hobart",
        "league": 1,
        "location": 1,
        "team_play": true
    }
},
{
    "model": "Leaderboards.session",
    "pk": 9,
    "fields": {
        "created_by": null,
        "created_on": "2022-08-28T08:25:19.643Z",
        "created_on_tz": "Australia/Hobart",
        "last_edited_by": null,
        "last_edited_on": "2022-08-28T08:25:19.643Z",
        "last_edited_on_tz": "Australia/Hobart",
        "game": 1,
        "date_time": "2021-12-31T22:00:00Z",
        "date_time_tz": "Australia/Hobart",
        "league": 1,
        "location": 1,
        "team_play": false
    }
},
{
    "model": "Leaderboards.session",
    "pk": 10,
    "fields": {
        "created_by": null,
        "created_on": "2022-08-28T08:25:19.896Z",
        "created_on_tz": "Australia/Hobart",
        "last_edited_by": null,
        "last_edited_on": "2022-08-28T08:25:19.896Z",
        "last_edited_on_tz": "Australia/Hobart",
        "game": 1,
        "date_time": "2021-12-31T23:00:00Z",
        "date_time_tz": "Australia/Hobart",
        "league": 1,
        "location": 1,
        "team_play": false
    }
},
{
    "model": "Leaderboards.session",
    "pk": 11,
    "fields": {
        "created_by": null,
        "created_on": "2022-08-28T08:25:20.126Z",
        "created_on_tz": "Australia/Hobart",
        "last_edited_by": null,
        "last_edited_on": "2022-08-28T08:25:20.126Z",
        "last_edited_on_tz": "Australia/Hobart",
        "game": 1,
        "date_time": "2022-01-01T00:00:00Z",
        "date_time_tz": "Australia/Hobart",
        "league": 1,
        "location": 1,
        "team_play": false
    }
},
{
    "model": "Leaderboards.session",
    "pk": 12,
    "fields": {
        "created_by": null,
        "created_on": "2022-08-28T08:25:20.366Z",
        "created_on_tz": "Australia/Hobart",
        "last_edited_by": null,
        "last_edited_on": "2022-08-28T08:25:20.366Z",
        "last_edited_on_tz": "Australia/Hobart",
        "game": 1,
        "date_time": "2022-01-01T01:00:00Z",
        "date_time_tz": "Australia/Hobart",
        "league": 1,
        "location": 1,
        "team_play": false
    }
}
]
